ProductKey,label,search_key,product_code,brand,category_key,subcategory_key,source_view,confidence,note
1,Contoso 512MB MP3 Player E51 Silver,contoso 512mb mp3 player e51 silver,0101001,Contoso,1,101,dim_contoso_product,I,
2,Contoso 512MB MP3 Player E51 Blue,contoso 512mb mp3 player e51 blue,0101002,Contoso,1,101,dim_contoso_product,I,
3,Contoso 1G MP3 Player E100 White,contoso 1g mp3 player e100 white,0101003,Contoso,1,101,dim_contoso_product,I,
4,Contoso 2G MP3 Player E200 Silver,contoso 2g mp3 player e200 silver,0101004,Contoso,1,101,dim_contoso_product,I,
5,Contoso 2G MP3 Player E200 Red,contoso 2g mp3 player e200 red,0101005,Contoso,1,101,dim_contoso_product,I,
6,Contoso 2G MP3 Player E200 Black,contoso 2g mp3 player e200 black,0101006,Contoso,1,101,dim_contoso_product,I,
7,Contoso 2G MP3 Player E200 Blue,contoso 2g mp3 player e200 blue,0101007,Contoso,1,101,dim_contoso_product,I,
8,Contoso 4G MP3 Player E400 Silver,contoso 4g mp3 player e400 silver,0101008,Contoso,1,101,dim_contoso_product,I,
9,Contoso 4G MP3 Player E400 Black,contoso 4g mp3 player e400 black,0101009,Contoso,1,101,dim_contoso_product,I,
10,Contoso 4G MP3 Player E400 Green,contoso 4g mp3 player e400 green,0101010,Contoso,1,101,dim_contoso_product,I,
11,Contoso 4G MP3 Player E400 Orange,contoso 4g mp3 player e400 orange,0101011,Contoso,1,101,dim_contoso_product,I,
12,Contoso 4GB Flash MP3 Player E401 Blue,contoso 4gb flash mp3 player e401 blue,0101012,Contoso,1,101,dim_contoso_product,I,
13,Contoso 4GB Flash MP3 Player E401 Black,contoso 4gb flash mp3 player e401 black,0101013,Contoso,1,101,dim_contoso_product,I,
14,Contoso 4GB Flash MP3 Player E401 Silver,contoso 4gb flash mp3 player e401 silver,0101014,Contoso,1,101,dim_contoso_product,I,
15,Contoso 4GB Flash MP3 Player E401 White,contoso 4gb flash mp3 player e401 white,0101015,Contoso,1,101,dim_contoso_product,I,
16,Contoso 8GB Super-Slim MP3/Video Player M800 White,contoso 8gb super-slim mp3/video player m800 white,0101016,Contoso,1,101,dim_contoso_product,I,
17,Contoso 8GB Super-Slim MP3/Video Player M800 Red,contoso 8gb super-slim mp3/video player m800 red,0101017,Contoso,1,101,dim_contoso_product,I,
18,Contoso 8GB Super-Slim MP3/Video Player M800 Green,contoso 8gb super-slim mp3/video player m800 green,0101018,Contoso,1,101,dim_contoso_product,I,
19,Contoso 8GB Super-Slim MP3/Video Player M800 Pink,contoso 8gb super-slim mp3/video player m800 pink,0101019,Contoso,1,101,dim_contoso_product,I,
20,Contoso 8GB MP3 Player new model M820 Black,contoso 8gb mp3 player new model m820 black,0101020,Contoso,1,101,dim_contoso_product,I,
21,Contoso 8GB MP3 Player new model M820 Blue,contoso 8gb mp3 player new model m820 blue,0101021,Contoso,1,101,dim_contoso_product,I,
22,Contoso 8GB MP3 Player new model M820 Yellow,contoso 8gb mp3 player new model m820 yellow,0101022,Contoso,1,101,dim_contoso_product,I,
23,Contoso 8GB MP3 Player new model M820 White,contoso 8gb mp3 player new model m820 white,0101023,Contoso,1,101,dim_contoso_product,I,
24,Contoso 16GB Mp5 Player M1600 Blue,contoso 16gb mp5 player m1600 blue,0101024,Contoso,1,101,dim_contoso_product,I,
25,Contoso 16GB Mp5 Player M1600 Black,contoso 16gb mp5 player m1600 black,0101025,Contoso,1,101,dim_contoso_product,I,
26,Contoso 16GB Mp5 Player M1600 Green,contoso 16gb mp5 player m1600 green,0101026,Contoso,1,101,dim_contoso_product,I,
27,Contoso 16GB Mp5 Player M1600 White,contoso 16gb mp5 player m1600 white,0101027,Contoso,1,101,dim_contoso_product,I,
28,Contoso 16GB Mp5 Player M1600 Red,contoso 16gb mp5 player m1600 red,0101028,Contoso,1,101,dim_contoso_product,I,
29,Contoso 32GB Video MP3 Player M3200 White,contoso 32gb video mp3 player m3200 white,0101029,Contoso,1,101,dim_contoso_product,I,
30,Contoso 32GB Video MP3 Player M3200 Red,contoso 32gb video mp3 player m3200 red,0101030,Contoso,1,101,dim_contoso_product,I,
31,Contoso 32GB Video MP3 Player M3200 Orange,contoso 32gb video mp3 player m3200 orange,0101031,Contoso,1,101,dim_contoso_product,I,
32,Contoso 32GB Video MP3 Player M3200 Pink,contoso 32gb video mp3 player m3200 pink,0101032,Contoso,1,101,dim_contoso_product,I,
33,Contoso 32GB Video MP3 Player M3200 Black,contoso 32gb video mp3 player m3200 black,0101033,Contoso,1,101,dim_contoso_product,I,
34,Contoso 4GB Portable MP3 Player M450 Black,contoso 4gb portable mp3 player m450 black,0101034,Contoso,1,101,dim_contoso_product,I,
35,Contoso 4GB Portable MP3 Player M450 White,contoso 4gb portable mp3 player m450 white,0101035,Contoso,1,101,dim_contoso_product,I,
36,Contoso 4GB Portable MP3 Player M450 Yellow,contoso 4gb portable mp3 player m450 yellow,0101036,Contoso,1,101,dim_contoso_product,I,
37,Contoso 8GB Clock & Radio MP3 Player X850 Silver,contoso 8gb clock & radio mp3 player x850 silver,0101037,Contoso,1,101,dim_contoso_product,I,
38,Contoso 8GB Clock & Radio MP3 Player X850 Black,contoso 8gb clock & radio mp3 player x850 black,0101038,Contoso,1,101,dim_contoso_product,I,
39,Contoso 8GB Clock & Radio MP3 Player X850 Green,contoso 8gb clock & radio mp3 player x850 green,0101039,Contoso,1,101,dim_contoso_product,I,
40,Contoso 8GB Clock & Radio MP3 Player X850 Blue,contoso 8gb clock & radio mp3 player x850 blue,0101040,Contoso,1,101,dim_contoso_product,I,
41,Contoso 16GB New Generation MP5 Player M1650 Silver,contoso 16gb new generation mp5 player m1650 silver,0101041,Contoso,1,101,dim_contoso_product,I,
42,Contoso 16GB New Generation MP5 Player M1650 White,contoso 16gb new generation mp5 player m1650 white,0101042,Contoso,1,101,dim_contoso_product,I,
43,Contoso 16GB New Generation MP5 Player M1650 Black,contoso 16gb new generation mp5 player m1650 black,0101043,Contoso,1,101,dim_contoso_product,I,
44,Contoso 16GB New Generation MP5 Player M1650 blue,contoso 16gb new generation mp5 player m1650 blue,0101044,Contoso,1,101,dim_contoso_product,I,
45,Contoso 16GB New Generation MP5 Player M1650 Pink,contoso 16gb new generation mp5 player m1650 pink,0101045,Contoso,1,101,dim_contoso_product,I,
46,WWI 1GB Pulse Smart pen E50 White,wwi 1gb pulse smart pen e50 white,0104001,Wide World Importers,1,104,dim_contoso_product,I,
47,WWI 1GBPulse Smart pen E50 Black,wwi 1gbpulse smart pen e50 black,0104002,Wide World Importers,1,104,dim_contoso_product,I,
48,WWI 1GB Pulse Smart pen E50 Silver,wwi 1gb pulse smart pen e50 silver,0104003,Wide World Importers,1,104,dim_contoso_product,I,
49,WWI 2GB Pulse Smart pen M100 White,wwi 2gb pulse smart pen m100 white,0104004,Wide World Importers,1,104,dim_contoso_product,I,
50,WWI 2GB Pulse Smart pen M100 Black,wwi 2gb pulse smart pen m100 black,0104005,Wide World Importers,1,104,dim_contoso_product,I,
51,WWI 2GB Pulse Smart pen M100 Blue,wwi 2gb pulse smart pen m100 blue,0104006,Wide World Importers,1,104,dim_contoso_product,I,
52,WWI 2GB Pulse Smart pen M100 Silver,wwi 2gb pulse smart pen m100 silver,0104007,Wide World Importers,1,104,dim_contoso_product,I,
53,WWI 4GB Video Recording Pen X200 Black,wwi 4gb video recording pen x200 black,0104008,Wide World Importers,1,104,dim_contoso_product,I,
54,WWI 4GB Video Recording Pen X200 Red,wwi 4gb video recording pen x200 red,0104009,Wide World Importers,1,104,dim_contoso_product,I,
55,WWI 4GB Video Recording Pen X200 Pink,wwi 4gb video recording pen x200 pink,0104010,Wide World Importers,1,104,dim_contoso_product,I,
56,WWI 4GB Video Recording Pen X200 Yellow,wwi 4gb video recording pen x200 yellow,0104011,Wide World Importers,1,104,dim_contoso_product,I,
57,WWI 1GB Digital Voice Recorder Pen E100 Black,wwi 1gb digital voice recorder pen e100 black,0104012,Wide World Importers,1,104,dim_contoso_product,I,
58,WWI 1GB Digital Voice Recorder Pen E100 Red,wwi 1gb digital voice recorder pen e100 red,0104013,Wide World Importers,1,104,dim_contoso_product,I,
59,WWI 1GB Digital Voice Recorder Pen E100 Pink,wwi 1gb digital voice recorder pen e100 pink,0104014,Wide World Importers,1,104,dim_contoso_product,I,
60,WWI 1GB Digital Voice Recorder Pen E100 White,wwi 1gb digital voice recorder pen e100 white,0104015,Wide World Importers,1,104,dim_contoso_product,I,
61,WWI 2GB Spy Video Recorder Pen M300 Black,wwi 2gb spy video recorder pen m300 black,0104016,Wide World Importers,1,104,dim_contoso_product,I,
62,WWI 2GB Spy Video Recorder Pen M300 White,wwi 2gb spy video recorder pen m300 white,0104017,Wide World Importers,1,104,dim_contoso_product,I,
63,WWI 2GB Spy Video Recorder Pen M300 Blue,wwi 2gb spy video recorder pen m300 blue,0104018,Wide World Importers,1,104,dim_contoso_product,I,
64,WWI 2GB Spy Video Recorder Pen M300 Silver,wwi 2gb spy video recorder pen m300 silver,0104019,Wide World Importers,1,104,dim_contoso_product,I,
65,WWI 2GB Spy Video Recorder Pen M300 Purple,wwi 2gb spy video recorder pen m300 purple,0104020,Wide World Importers,1,104,dim_contoso_product,I,
66,NT Bluetooth Stereo Headphones E52 Blue,nt bluetooth stereo headphones e52 blue,0106001,Northwind Traders,1,106,dim_contoso_product,I,
67,NT Bluetooth Stereo Headphones E52 Black,nt bluetooth stereo headphones e52 black,0106002,Northwind Traders,1,106,dim_contoso_product,I,
68,NT Bluetooth Stereo Headphones E52 Yellow,nt bluetooth stereo headphones e52 yellow,0106003,Northwind Traders,1,106,dim_contoso_product,I,
69,NT Bluetooth Stereo Headphones E52 Pink,nt bluetooth stereo headphones e52 pink,0106004,Northwind Traders,1,106,dim_contoso_product,I,
70,NT Wireless Bluetooth Stereo Headphones E102 Silver,nt wireless bluetooth stereo headphones e102 silver,0106005,Northwind Traders,1,106,dim_contoso_product,I,
71,NT Wireless Bluetooth Stereo Headphones E102 Black,nt wireless bluetooth stereo headphones e102 black,0106006,Northwind Traders,1,106,dim_contoso_product,I,
72,NT Wireless Bluetooth Stereo Headphones E102 Blue,nt wireless bluetooth stereo headphones e102 blue,0106007,Northwind Traders,1,106,dim_contoso_product,I,
73,NT Wireless Bluetooth Stereo Headphones E102 White,nt wireless bluetooth stereo headphones e102 white,0106008,Northwind Traders,1,106,dim_contoso_product,I,
74,NT Bluetooth Active Headphones E202 Black,nt bluetooth active headphones e202 black,0106009,Northwind Traders,1,106,dim_contoso_product,I,
75,NT Bluetooth Active Headphones E202 White,nt bluetooth active headphones e202 white,0106010,Northwind Traders,1,106,dim_contoso_product,I,
76,NT Bluetooth Active Headphones E202 Red,nt bluetooth active headphones e202 red,0106011,Northwind Traders,1,106,dim_contoso_product,I,
77,NT Bluetooth Active Headphones E202 Silver,nt bluetooth active headphones e202 silver,0106012,Northwind Traders,1,106,dim_contoso_product,I,
78,NT Wireless Bluetooth Stereo Headphones E302 Silver,nt wireless bluetooth stereo headphones e302 silver,0106013,Northwind Traders,1,106,dim_contoso_product,I,
79,NT Wireless Bluetooth Stereo Headphones E302 White,nt wireless bluetooth stereo headphones e302 white,0106014,Northwind Traders,1,106,dim_contoso_product,I,
80,NT Wireless Bluetooth Stereo Headphones E302 Yellow,nt wireless bluetooth stereo headphones e302 yellow,0106015,Northwind Traders,1,106,dim_contoso_product,I,
81,NT Wireless Bluetooth Stereo Headphones E302 Black,nt wireless bluetooth stereo headphones e302 black,0106016,Northwind Traders,1,106,dim_contoso_product,I,
82,NT Wireless Bluetooth Stereo Headphones E302 Pink,nt wireless bluetooth stereo headphones e302 pink,0106017,Northwind Traders,1,106,dim_contoso_product,I,
83,NT Wireless Bluetooth Stereo Headphones M402 Silver,nt wireless bluetooth stereo headphones m402 silver,0106018,Northwind Traders,1,106,dim_contoso_product,I,
84,NT Wireless Bluetooth Stereo Headphones M402 Red,nt wireless bluetooth stereo headphones m402 red,0106019,Northwind Traders,1,106,dim_contoso_product,I,
85,NT Wireless Bluetooth Stereo Headphones M402 Green,nt wireless bluetooth stereo headphones m402 green,0106020,Northwind Traders,1,106,dim_contoso_product,I,
86,NT Wireless Bluetooth Stereo Headphones M402 Black,nt wireless bluetooth stereo headphones m402 black,0106021,Northwind Traders,1,106,dim_contoso_product,I,
87,NT Wireless Bluetooth Stereo Headphones M402 Purple,nt wireless bluetooth stereo headphones m402 purple,0106022,Northwind Traders,1,106,dim_contoso_product,I,
88,NT Wireless Transmitter and Bluetooth Headphones M150 Black,nt wireless transmitter and bluetooth headphones m150 black,0106023,Northwind Traders,1,106,dim_contoso_product,I,
89,NT Wireless Transmitter and Bluetooth Headphones M150 Blue,nt wireless transmitter and bluetooth headphones m150 blue,0106024,Northwind Traders,1,106,dim_contoso_product,I,
90,NT Wireless Transmitter and Bluetooth Headphones M150 Silver,nt wireless transmitter and bluetooth headphones m150 silver,0106025,Northwind Traders,1,106,dim_contoso_product,I,
91,NT Wireless Transmitter and Bluetooth Headphones M150 Green,nt wireless transmitter and bluetooth headphones m150 green,0106026,Northwind Traders,1,106,dim_contoso_product,I,
92,NT Wireless Transmitter and Bluetooth Headphones M150 Red,nt wireless transmitter and bluetooth headphones m150 red,0106027,Northwind Traders,1,106,dim_contoso_product,I,
93,WWI Stereo Bluetooth Headphones E1000 Blue,wwi stereo bluetooth headphones e1000 blue,0106028,Wide World Importers,1,106,dim_contoso_product,I,
94,WWI Stereo Bluetooth Headphones E1000 Black,wwi stereo bluetooth headphones e1000 black,0106029,Wide World Importers,1,106,dim_contoso_product,I,
95,WWI Stereo Bluetooth Headphones E1000 Silver,wwi stereo bluetooth headphones e1000 silver,0106030,Wide World Importers,1,106,dim_contoso_product,I,
96,WWI Stereo Bluetooth Headphones E1000 White,wwi stereo bluetooth headphones e1000 white,0106031,Wide World Importers,1,106,dim_contoso_product,I,
97,WWI Stereo Bluetooth Headphones E1000 Green,wwi stereo bluetooth headphones e1000 green,0106032,Wide World Importers,1,106,dim_contoso_product,I,
98,WWI Wireless Bluetooth Stereo Headphones M170 Silver,wwi wireless bluetooth stereo headphones m170 silver,0106033,Wide World Importers,1,106,dim_contoso_product,I,
99,WWI Wireless Bluetooth Stereo Headphones M170 Black,wwi wireless bluetooth stereo headphones m170 black,0106034,Wide World Importers,1,106,dim_contoso_product,I,
100,WWI Wireless Bluetooth Stereo Headphones M170 White,wwi wireless bluetooth stereo headphones m170 white,0106035,Wide World Importers,1,106,dim_contoso_product,I,
101,WWI Wireless Bluetooth Stereo Headphones M170 Pink,wwi wireless bluetooth stereo headphones m170 pink,0106036,Wide World Importers,1,106,dim_contoso_product,I,
102,WWI Wireless Bluetooth Stereo Headphones M270 Silver,wwi wireless bluetooth stereo headphones m270 silver,0106037,Wide World Importers,1,106,dim_contoso_product,I,
103,WWI Wireless Bluetooth Stereo Headphones M270 Black,wwi wireless bluetooth stereo headphones m270 black,0106038,Wide World Importers,1,106,dim_contoso_product,I,
104,WWI Wireless Bluetooth Stereo Headphones M270 White,wwi wireless bluetooth stereo headphones m270 white,0106039,Wide World Importers,1,106,dim_contoso_product,I,
105,WWI Wireless Bluetooth Stereo Headphones M270 Pink,wwi wireless bluetooth stereo headphones m270 pink,0106040,Wide World Importers,1,106,dim_contoso_product,I,
106,WWI Stereo Bluetooth Headphones New Generation M370 Black,wwi stereo bluetooth headphones new generation m370 black,0106041,Wide World Importers,1,106,dim_contoso_product,I,
107,WWI Stereo Bluetooth Headphones New Generation M370 White,wwi stereo bluetooth headphones new generation m370 white,0106042,Wide World Importers,1,106,dim_contoso_product,I,
108,WWI Stereo Bluetooth Headphones New Generation M370 Yellow,wwi stereo bluetooth headphones new generation m370 yellow,0106043,Wide World Importers,1,106,dim_contoso_product,I,
109,WWI Stereo Bluetooth Headphones New Generation M370 Orange,wwi stereo bluetooth headphones new generation m370 orange,0106044,Wide World Importers,1,106,dim_contoso_product,I,
110,WWI Stereo Bluetooth Headphones New Generation M370 Blue,wwi stereo bluetooth headphones new generation m370 blue,0106045,Wide World Importers,1,106,dim_contoso_product,I,
111,WWI Wireless Transmitter and Bluetooth Headphones X250 Black,wwi wireless transmitter and bluetooth headphones x250 black,0106046,Wide World Importers,1,106,dim_contoso_product,I,
112,WWI Wireless Transmitter and Bluetooth Headphones X250 Blue,wwi wireless transmitter and bluetooth headphones x250 blue,0106047,Wide World Importers,1,106,dim_contoso_product,I,
113,WWI Wireless Transmitter and Bluetooth Headphones X250 White,wwi wireless transmitter and bluetooth headphones x250 white,0106048,Wide World Importers,1,106,dim_contoso_product,I,
114,WWI Wireless Transmitter and Bluetooth Headphones X250 Red,wwi wireless transmitter and bluetooth headphones x250 red,0106049,Wide World Importers,1,106,dim_contoso_product,I,
115,WWI Wireless Transmitter and Bluetooth Headphones X250 Silver,wwi wireless transmitter and bluetooth headphones x250 silver,0106050,Wide World Importers,1,106,dim_contoso_product,I,
116,"Adventure Works 20"" CRT TV E15 Silver","adventure works 20"" crt tv e15 silver",0201001,Adventure Works,2,201,dim_contoso_product,I,
117,"Adventure Works 20"" CRT TV E15 Black","adventure works 20"" crt tv e15 black",0201002,Adventure Works,2,201,dim_contoso_product,I,
118,"Adventure Works 20"" CRT TV E15 White","adventure works 20"" crt tv e15 white",0201003,Adventure Works,2,201,dim_contoso_product,I,
119,"Adventure Works 13"" Color TV E25 Silver","adventure works 13"" color tv e25 silver",0201004,Adventure Works,2,201,dim_contoso_product,I,
120,"Adventure Works 13"" Color TV E25 Black","adventure works 13"" color tv e25 black",0201005,Adventure Works,2,201,dim_contoso_product,I,
121,"Adventure Works 13"" Color TV E25 White","adventure works 13"" color tv e25 white",0201006,Adventure Works,2,201,dim_contoso_product,I,
122,"Adventure Works 19"" Portable LCD HDTV M110 Silver","adventure works 19"" portable lcd hdtv m110 silver",0201007,Adventure Works,2,201,dim_contoso_product,I,
123,"Adventure Works 19"" Portable LCD HDTV M110 Black","adventure works 19"" portable lcd hdtv m110 black",0201008,Adventure Works,2,201,dim_contoso_product,I,
124,"Adventure Works 19"" Portable LCD HDTV M110 White","adventure works 19"" portable lcd hdtv m110 white",0201009,Adventure Works,2,201,dim_contoso_product,I,
125,"Adventure Works 19"" Color Digital TV E35 Silver","adventure works 19"" color digital tv e35 silver",0201010,Adventure Works,2,201,dim_contoso_product,I,
126,"Adventure Works 19"" Color Digital TV E35 Black","adventure works 19"" color digital tv e35 black",0201011,Adventure Works,2,201,dim_contoso_product,I,
127,"Adventure Works 19"" Color Digital TV E35 White","adventure works 19"" color digital tv e35 white",0201012,Adventure Works,2,201,dim_contoso_product,I,
128,"Adventure Works 19"" Color Digital TV E35 Brown","adventure works 19"" color digital tv e35 brown",0201013,Adventure Works,2,201,dim_contoso_product,I,
129,"Adventure Works 20"" Analog CRT TV E45 Silver","adventure works 20"" analog crt tv e45 silver",0201014,Adventure Works,2,201,dim_contoso_product,I,
130,"Adventure Works 20"" Analog CRT TV E45 Black","adventure works 20"" analog crt tv e45 black",0201015,Adventure Works,2,201,dim_contoso_product,I,
131,"Adventure Works 20"" Analog CRT TV E45 White","adventure works 20"" analog crt tv e45 white",0201016,Adventure Works,2,201,dim_contoso_product,I,
132,"Adventure Works 20"" Analog CRT TV E45 Brown","adventure works 20"" analog crt tv e45 brown",0201017,Adventure Works,2,201,dim_contoso_product,I,
133,"Adventure Works 20"" LCD HDTV M120 Silver","adventure works 20"" lcd hdtv m120 silver",0201018,Adventure Works,2,201,dim_contoso_product,I,
134,"Adventure Works 20"" LCD HDTV M120 Black","adventure works 20"" lcd hdtv m120 black",0201019,Adventure Works,2,201,dim_contoso_product,I,
135,"Adventure Works 20"" LCD HDTV M120 White","adventure works 20"" lcd hdtv m120 white",0201020,Adventure Works,2,201,dim_contoso_product,I,
136,"Adventure Works 20"" LCD HDTV M120 Brown","adventure works 20"" lcd hdtv m120 brown",0201021,Adventure Works,2,201,dim_contoso_product,I,
137,"Adventure Works 32"" LCD HDTV M130 Silver","adventure works 32"" lcd hdtv m130 silver",0201022,Adventure Works,2,201,dim_contoso_product,I,
138,"Adventure Works 32"" LCD HDTV M130 Black","adventure works 32"" lcd hdtv m130 black",0201023,Adventure Works,2,201,dim_contoso_product,I,
139,"Adventure Works 32"" LCD HDTV M130 White","adventure works 32"" lcd hdtv m130 white",0201024,Adventure Works,2,201,dim_contoso_product,I,
140,"Adventure Works 32"" LCD HDTV M130 Brown","adventure works 32"" lcd hdtv m130 brown",0201025,Adventure Works,2,201,dim_contoso_product,I,
141,"Adventure Works 15.6"" LCD TV M130W Silver","adventure works 15.6"" lcd tv m130w silver",0201026,Adventure Works,2,201,dim_contoso_product,I,
142,"Adventure Works 15.6"" LCD TV M130W Black","adventure works 15.6"" lcd tv m130w black",0201027,Adventure Works,2,201,dim_contoso_product,I,
143,"Adventure Works 15.6"" LCD TV M130W White","adventure works 15.6"" lcd tv m130w white",0201028,Adventure Works,2,201,dim_contoso_product,I,
144,"Adventure Works 15.6"" LCD TV M130W Brown","adventure works 15.6"" lcd tv m130w brown",0201029,Adventure Works,2,201,dim_contoso_product,I,
145,"Adventure Works 52"" LCD HDTV X590 Silver","adventure works 52"" lcd hdtv x590 silver",0201030,Adventure Works,2,201,dim_contoso_product,I,
146,"Adventure Works 52"" LCD HDTV X590 Black","adventure works 52"" lcd hdtv x590 black",0201031,Adventure Works,2,201,dim_contoso_product,I,
147,"Adventure Works 52"" LCD HDTV X590 White","adventure works 52"" lcd hdtv x590 white",0201032,Adventure Works,2,201,dim_contoso_product,I,
148,"Adventure Works 52"" LCD HDTV X590 Brown","adventure works 52"" lcd hdtv x590 brown",0201033,Adventure Works,2,201,dim_contoso_product,I,
149,"Adventure Works 40"" LCD HDTV M690 Silver","adventure works 40"" lcd hdtv m690 silver",0201034,Adventure Works,2,201,dim_contoso_product,I,
150,"Adventure Works 40"" LCD HDTV M690 Black","adventure works 40"" lcd hdtv m690 black",0201035,Adventure Works,2,201,dim_contoso_product,I,
151,"Adventure Works 40"" LCD HDTV M690 White","adventure works 40"" lcd hdtv m690 white",0201036,Adventure Works,2,201,dim_contoso_product,I,
152,"Adventure Works 40"" LCD HDTV M690 Brown","adventure works 40"" lcd hdtv m690 brown",0201037,Adventure Works,2,201,dim_contoso_product,I,
153,"Adventure Works 26"" 720p LCD HDTV M140 Silver","adventure works 26"" 720p lcd hdtv m140 silver",0201038,Adventure Works,2,201,dim_contoso_product,I,
154,"Adventure Works 26"" 720p LCD HDTV M140 Black","adventure works 26"" 720p lcd hdtv m140 black",0201039,Adventure Works,2,201,dim_contoso_product,I,
155,"Adventure Works 26"" 720p LCD HDTV M140 White","adventure works 26"" 720p lcd hdtv m140 white",0201040,Adventure Works,2,201,dim_contoso_product,I,
156,"Adventure Works 26"" 720p LCD HDTV M140 Brown","adventure works 26"" 720p lcd hdtv m140 brown",0201041,Adventure Works,2,201,dim_contoso_product,I,
157,"Adventure Works 37"" 1080p LCD HDTV M150W Silver","adventure works 37"" 1080p lcd hdtv m150w silver",0201042,Adventure Works,2,201,dim_contoso_product,I,
158,"Adventure Works 37"" 1080p LCD HDTV M150W Black","adventure works 37"" 1080p lcd hdtv m150w black",0201043,Adventure Works,2,201,dim_contoso_product,I,
159,"Adventure Works 37"" 1080p LCD HDTV M150W White","adventure works 37"" 1080p lcd hdtv m150w white",0201044,Adventure Works,2,201,dim_contoso_product,I,
160,"Adventure Works 37"" 1080p LCD HDTV M150W Brown","adventure works 37"" 1080p lcd hdtv m150w brown",0201045,Adventure Works,2,201,dim_contoso_product,I,
161,"Adventure Works 52"" LCD HDTV X790W Silver","adventure works 52"" lcd hdtv x790w silver",0201046,Adventure Works,2,201,dim_contoso_product,I,
162,"Adventure Works 52"" LCD HDTV X790W Black","adventure works 52"" lcd hdtv x790w black",0201047,Adventure Works,2,201,dim_contoso_product,I,
163,"Adventure Works 52"" LCD HDTV X790W White","adventure works 52"" lcd hdtv x790w white",0201048,Adventure Works,2,201,dim_contoso_product,I,
164,"Adventure Works 52"" LCD HDTV X790W Brown","adventure works 52"" lcd hdtv x790w brown",0201049,Adventure Works,2,201,dim_contoso_product,I,
165,"Adventure Works 42"" LCD HDTV M55 Black","adventure works 42"" lcd hdtv m55 black",0201050,Adventure Works,2,201,dim_contoso_product,I,
166,SV 16xDVD M300 Black,sv 16xdvd m300 black,0202001,Southridge Video,2,202,dim_contoso_product,I,
167,SV 8xDVD E100 Black,sv 8xdvd e100 black,0202002,Southridge Video,2,202,dim_contoso_product,I,
168,SV 16xDVD M310 Black,sv 16xdvd m310 black,0202003,Southridge Video,2,202,dim_contoso_product,I,
169,SV 16xDVD M320 Black,sv 16xdvd m320 black,0202004,Southridge Video,2,202,dim_contoso_product,I,
170,SV 16xDVD M330 Black,sv 16xdvd m330 black,0202005,Southridge Video,2,202,dim_contoso_product,I,
171,SV 16xDVD E340 Black,sv 16xdvd e340 black,0202006,Southridge Video,2,202,dim_contoso_product,I,
172,SV 22xDVD X680 Black,sv 22xdvd x680 black,0202007,Southridge Video,2,202,dim_contoso_product,I,
173,SV 8xDVD E120 Black,sv 8xdvd e120 black,0202008,Southridge Video,2,202,dim_contoso_product,I,
174,SV 22xDVD M600 Black,sv 22xdvd m600 black,0202009,Southridge Video,2,202,dim_contoso_product,I,
175,SV 16xDVD M350 Black,sv 16xdvd m350 black,0202010,Southridge Video,2,202,dim_contoso_product,I,
176,SV 16xDVD M360 Black,sv 16xdvd m360 black,0202011,Southridge Video,2,202,dim_contoso_product,I,
177,SV 8xDVD E130 Black,sv 8xdvd e130 black,0202012,Southridge Video,2,202,dim_contoso_product,I,
178,SV 8xDVD E140 Black,sv 8xdvd e140 black,0202013,Southridge Video,2,202,dim_contoso_product,I,
179,SV 16xDVD M300 Silver,sv 16xdvd m300 silver,0202014,Southridge Video,2,202,dim_contoso_product,I,
180,SV 8xDVD E100 Silver,sv 8xdvd e100 silver,0202015,Southridge Video,2,202,dim_contoso_product,I,
181,SV 16xDVD M310 Silver,sv 16xdvd m310 silver,0202016,Southridge Video,2,202,dim_contoso_product,I,
182,SV 16xDVD M320 Silver,sv 16xdvd m320 silver,0202017,Southridge Video,2,202,dim_contoso_product,I,
183,SV 16xDVD M330 Silver,sv 16xdvd m330 silver,0202018,Southridge Video,2,202,dim_contoso_product,I,
184,SV 16xDVD E340 Silver,sv 16xdvd e340 silver,0202019,Southridge Video,2,202,dim_contoso_product,I,
185,SV 22xDVD X680 Silver,sv 22xdvd x680 silver,0202020,Southridge Video,2,202,dim_contoso_product,I,
186,SV 8xDVD E120 Silver,sv 8xdvd e120 silver,0202021,Southridge Video,2,202,dim_contoso_product,I,
187,SV 22xDVD M600 Silver,sv 22xdvd m600 silver,0202022,Southridge Video,2,202,dim_contoso_product,I,
188,SV 16xDVD M350 Silver,sv 16xdvd m350 silver,0202023,Southridge Video,2,202,dim_contoso_product,I,
189,SV 16xDVD M360 Silver,sv 16xdvd m360 silver,0202024,Southridge Video,2,202,dim_contoso_product,I,
190,SV 8xDVD E130 Silver,sv 8xdvd e130 silver,0202025,Southridge Video,2,202,dim_contoso_product,I,
191,SV 8xDVD E140 Silver,sv 8xdvd e140 silver,0202026,Southridge Video,2,202,dim_contoso_product,I,
192,Litware Home Theater System 4.1 Channel M410 Black,litware home theater system 4.1 channel m410 black,0203001,Litware,2,203,dim_contoso_product,I,
193,Litware Home Theater System 5.1 Channel M511 Black,litware home theater system 5.1 channel m511 black,0203002,Litware,2,203,dim_contoso_product,I,
194,Litware Home Theater System 2.1 Channel E210 Black,litware home theater system 2.1 channel e210 black,0203003,Litware,2,203,dim_contoso_product,I,
195,Litware Home Theater System 5.1 Channel M510 Black,litware home theater system 5.1 channel m510 black,0203004,Litware,2,203,dim_contoso_product,I,
196,Litware Home Theater System 2.1 Channel E211 Black,litware home theater system 2.1 channel e211 black,0203005,Litware,2,203,dim_contoso_product,I,
197,Litware Home Theater System 2.1 Channel E212 Black,litware home theater system 2.1 channel e212 black,0203006,Litware,2,203,dim_contoso_product,I,
198,Litware Home Theater System 4.1 Channel M411 Black,litware home theater system 4.1 channel m411 black,0203007,Litware,2,203,dim_contoso_product,I,
199,Litware Home Theater System 4.1 Channel M412 Black,litware home theater system 4.1 channel m412 black,0203008,Litware,2,203,dim_contoso_product,I,
200,Litware Home Theater System 4.1 Channel M413 Black,litware home theater system 4.1 channel m413 black,0203009,Litware,2,203,dim_contoso_product,I,
201,Litware Home Theater System 5.1 Channel M512 Black,litware home theater system 5.1 channel m512 black,0203010,Litware,2,203,dim_contoso_product,I,
202,Litware Home Theater System 5.1 Channel M513 Black,litware home theater system 5.1 channel m513 black,0203011,Litware,2,203,dim_contoso_product,I,
203,Litware Home Theater System 7.1 Channel M710 Black,litware home theater system 7.1 channel m710 black,0203012,Litware,2,203,dim_contoso_product,I,
204,Litware Home Theater System 7.1 Channel X711 Black,litware home theater system 7.1 channel x711 black,0203013,Litware,2,203,dim_contoso_product,I,
205,Litware Home Theater System 5.1 Channel M514 Black,litware home theater system 5.1 channel m514 black,0203014,Litware,2,203,dim_contoso_product,I,
206,Litware Home Theater System 5.1 Channel M515 Black,litware home theater system 5.1 channel m515 black,0203015,Litware,2,203,dim_contoso_product,I,
207,Litware Home Theater System 5.1 Channel M516 Black,litware home theater system 5.1 channel m516 black,0203016,Litware,2,203,dim_contoso_product,I,
208,Litware Home Theater System 4.1 Channel M410 Silver,litware home theater system 4.1 channel m410 silver,0203017,Litware,2,203,dim_contoso_product,I,
209,Litware Home Theater System 5.1 Channel M511 Silver,litware home theater system 5.1 channel m511 silver,0203018,Litware,2,203,dim_contoso_product,I,
210,Litware Home Theater System 2.1 Channel E210 Silver,litware home theater system 2.1 channel e210 silver,0203019,Litware,2,203,dim_contoso_product,I,
211,Litware Home Theater System 5.1 Channel M510 Silver,litware home theater system 5.1 channel m510 silver,0203020,Litware,2,203,dim_contoso_product,I,
212,Litware Home Theater System 2.1 Channel E211 Silver,litware home theater system 2.1 channel e211 silver,0203021,Litware,2,203,dim_contoso_product,I,
213,Litware Home Theater System 2.1 Channel E212 Silver,litware home theater system 2.1 channel e212 silver,0203022,Litware,2,203,dim_contoso_product,I,
214,Litware Home Theater System 4.1 Channel M411 Silver,litware home theater system 4.1 channel m411 silver,0203023,Litware,2,203,dim_contoso_product,I,
215,Litware Home Theater System 4.1 Channel M412 Silver,litware home theater system 4.1 channel m412 silver,0203024,Litware,2,203,dim_contoso_product,I,
216,Litware Home Theater System 4.1 Channel M413 Silver,litware home theater system 4.1 channel m413 silver,0203025,Litware,2,203,dim_contoso_product,I,
217,Litware Home Theater System 5.1 Channel M512 Silver,litware home theater system 5.1 channel m512 silver,0203026,Litware,2,203,dim_contoso_product,I,
218,Litware Home Theater System 5.1 Channel M513 Silver,litware home theater system 5.1 channel m513 silver,0203027,Litware,2,203,dim_contoso_product,I,
219,Litware Home Theater System 7.1 Channel M710 Silver,litware home theater system 7.1 channel m710 silver,0203028,Litware,2,203,dim_contoso_product,I,
220,Litware Home Theater System 7.1 Channel X711 Silver,litware home theater system 7.1 channel x711 silver,0203029,Litware,2,203,dim_contoso_product,I,
221,Litware Home Theater System 5.1 Channel M514 Silver,litware home theater system 5.1 channel m514 silver,0203030,Litware,2,203,dim_contoso_product,I,
222,Litware Home Theater System 5.1 Channel M515 Silver,litware home theater system 5.1 channel m515 silver,0203031,Litware,2,203,dim_contoso_product,I,
223,Litware Home Theater System 5.1 Channel M516 Silver,litware home theater system 5.1 channel m516 silver,0203032,Litware,2,203,dim_contoso_product,I,
224,Litware Home Theater System 4.1 Channel M410 Brown,litware home theater system 4.1 channel m410 brown,0203033,Litware,2,203,dim_contoso_product,I,
225,Litware Home Theater System 5.1 Channel M511 Brown,litware home theater system 5.1 channel m511 brown,0203034,Litware,2,203,dim_contoso_product,I,
226,Litware Home Theater System 2.1 Channel E210 Brown,litware home theater system 2.1 channel e210 brown,0203035,Litware,2,203,dim_contoso_product,I,
227,Litware Home Theater System 5.1 Channel M510 Brown,litware home theater system 5.1 channel m510 brown,0203036,Litware,2,203,dim_contoso_product,I,
228,Litware Home Theater System 2.1 Channel E211 Brown,litware home theater system 2.1 channel e211 brown,0203037,Litware,2,203,dim_contoso_product,I,
229,Litware Home Theater System 2.1 Channel E212 Brown,litware home theater system 2.1 channel e212 brown,0203038,Litware,2,203,dim_contoso_product,I,
230,Litware Home Theater System 4.1 Channel M411 Brown,litware home theater system 4.1 channel m411 brown,0203039,Litware,2,203,dim_contoso_product,I,
231,Litware Home Theater System 4.1 Channel M412 Brown,litware home theater system 4.1 channel m412 brown,0203040,Litware,2,203,dim_contoso_product,I,
232,Litware Home Theater System 4.1 Channel M413 Brown,litware home theater system 4.1 channel m413 brown,0203041,Litware,2,203,dim_contoso_product,I,
233,Litware Home Theater System 5.1 Channel M512 Brown,litware home theater system 5.1 channel m512 brown,0203042,Litware,2,203,dim_contoso_product,I,
234,Litware Home Theater System 5.1 Channel M513 Brown,litware home theater system 5.1 channel m513 brown,0203043,Litware,2,203,dim_contoso_product,I,
235,Litware Home Theater System 7.1 Channel M710 Brown,litware home theater system 7.1 channel m710 brown,0203044,Litware,2,203,dim_contoso_product,I,
236,Litware Home Theater System 7.1 Channel X711 Brown,litware home theater system 7.1 channel x711 brown,0203045,Litware,2,203,dim_contoso_product,I,
237,Litware Home Theater System 5.1 Channel M514 Brown,litware home theater system 5.1 channel m514 brown,0203046,Litware,2,203,dim_contoso_product,I,
238,Litware Home Theater System 5.1 Channel M515 Brown,litware home theater system 5.1 channel m515 brown,0203047,Litware,2,203,dim_contoso_product,I,
239,Litware Home Theater System 5.1 Channel M516 Brown,litware home theater system 5.1 channel m516 brown,0203048,Litware,2,203,dim_contoso_product,I,
240,Contoso Home Theater System 2.1 Channel E1200 Black,contoso home theater system 2.1 channel e1200 black,0203049,Contoso,2,203,dim_contoso_product,I,
241,Contoso Home Theater System 2.1 Channel M1210 Black,contoso home theater system 2.1 channel m1210 black,0203050,Contoso,2,203,dim_contoso_product,I,
242,Contoso Home Theater System 7.1 Channel M1700 Black,contoso home theater system 7.1 channel m1700 black,0203051,Contoso,2,203,dim_contoso_product,I,
243,Contoso Home Theater System 4.1 Channel M1400 Black,contoso home theater system 4.1 channel m1400 black,0203052,Contoso,2,203,dim_contoso_product,I,
244,Contoso Home Theater System 5.1 Channel M1500 Black,contoso home theater system 5.1 channel m1500 black,0203053,Contoso,2,203,dim_contoso_product,I,
245,Contoso Home Theater System 5.1 Channel M1510 Black,contoso home theater system 5.1 channel m1510 black,0203054,Contoso,2,203,dim_contoso_product,I,
246,Contoso Home Theater System 4.1 Channel M1410 Black,contoso home theater system 4.1 channel m1410 black,0203055,Contoso,2,203,dim_contoso_product,I,
247,Contoso Home Theater System 5.1 Channel M1520 Black,contoso home theater system 5.1 channel m1520 black,0203056,Contoso,2,203,dim_contoso_product,I,
248,Contoso Home Theater System 5.1 Channel M1530 Black,contoso home theater system 5.1 channel m1530 black,0203057,Contoso,2,203,dim_contoso_product,I,
249,Contoso Home Theater System 2.1 Channel E1220 Black,contoso home theater system 2.1 channel e1220 black,0203058,Contoso,2,203,dim_contoso_product,I,
250,Contoso Home Theater System 5.1 Channel M1540 Black,contoso home theater system 5.1 channel m1540 black,0203059,Contoso,2,203,dim_contoso_product,I,
251,Contoso Home Theater System 4.1 Channel M1420 Black,contoso home theater system 4.1 channel m1420 black,0203060,Contoso,2,203,dim_contoso_product,I,
252,Contoso Home Theater System 2.1 Channel M1230 Black,contoso home theater system 2.1 channel m1230 black,0203061,Contoso,2,203,dim_contoso_product,I,
253,Contoso Home Theater System 2.1 Channel E1200 Silver,contoso home theater system 2.1 channel e1200 silver,0203062,Contoso,2,203,dim_contoso_product,I,
254,Contoso Home Theater System 2.1 Channel M1210 Silver,contoso home theater system 2.1 channel m1210 silver,0203063,Contoso,2,203,dim_contoso_product,I,
255,Contoso Home Theater System 7.1 Channel M1700 Silver,contoso home theater system 7.1 channel m1700 silver,0203064,Contoso,2,203,dim_contoso_product,I,
256,Contoso Home Theater System 4.1 Channel M1400 Silver,contoso home theater system 4.1 channel m1400 silver,0203065,Contoso,2,203,dim_contoso_product,I,
257,Contoso Home Theater System 5.1 Channel M1500 Silver,contoso home theater system 5.1 channel m1500 silver,0203066,Contoso,2,203,dim_contoso_product,I,
258,Contoso Home Theater System 5.1 Channel M1510 Silver,contoso home theater system 5.1 channel m1510 silver,0203067,Contoso,2,203,dim_contoso_product,I,
259,Contoso Home Theater System 4.1 Channel M1410 Silver,contoso home theater system 4.1 channel m1410 silver,0203068,Contoso,2,203,dim_contoso_product,I,
260,Contoso Home Theater System 5.1 Channel M1520 Silver,contoso home theater system 5.1 channel m1520 silver,0203069,Contoso,2,203,dim_contoso_product,I,
261,Contoso Home Theater System 5.1 Channel M1530 Silver,contoso home theater system 5.1 channel m1530 silver,0203070,Contoso,2,203,dim_contoso_product,I,
262,Contoso Home Theater System 2.1 Channel E1220 Silver,contoso home theater system 2.1 channel e1220 silver,0203071,Contoso,2,203,dim_contoso_product,I,
263,Contoso Home Theater System 5.1 Channel M1540 Silver,contoso home theater system 5.1 channel m1540 silver,0203072,Contoso,2,203,dim_contoso_product,I,
264,Contoso Home Theater System 4.1 Channel M1420 Silver,contoso home theater system 4.1 channel m1420 silver,0203073,Contoso,2,203,dim_contoso_product,I,
265,Contoso Home Theater System 2.1 Channel M1230 Silver,contoso home theater system 2.1 channel m1230 silver,0203074,Contoso,2,203,dim_contoso_product,I,
266,Contoso Home Theater System 2.1 Channel E1200 White,contoso home theater system 2.1 channel e1200 white,0203075,Contoso,2,203,dim_contoso_product,I,
267,Contoso Home Theater System 2.1 Channel M1210 White,contoso home theater system 2.1 channel m1210 white,0203076,Contoso,2,203,dim_contoso_product,I,
268,Contoso Home Theater System 7.1 Channel M1700 White,contoso home theater system 7.1 channel m1700 white,0203077,Contoso,2,203,dim_contoso_product,I,
269,Contoso Home Theater System 4.1 Channel M1400 White,contoso home theater system 4.1 channel m1400 white,0203078,Contoso,2,203,dim_contoso_product,I,
270,Contoso Home Theater System 5.1 Channel M1500 White,contoso home theater system 5.1 channel m1500 white,0203079,Contoso,2,203,dim_contoso_product,I,
271,Contoso Home Theater System 5.1 Channel M1510 White,contoso home theater system 5.1 channel m1510 white,0203080,Contoso,2,203,dim_contoso_product,I,
272,Contoso Home Theater System 4.1 Channel M1410 White,contoso home theater system 4.1 channel m1410 white,0203081,Contoso,2,203,dim_contoso_product,I,
273,Contoso Home Theater System 5.1 Channel M1520 White,contoso home theater system 5.1 channel m1520 white,0203082,Contoso,2,203,dim_contoso_product,I,
274,Contoso Home Theater System 5.1 Channel M1530 White,contoso home theater system 5.1 channel m1530 white,0203083,Contoso,2,203,dim_contoso_product,I,
275,Contoso Home Theater System 2.1 Channel E1220 White,contoso home theater system 2.1 channel e1220 white,0203084,Contoso,2,203,dim_contoso_product,I,
276,Contoso Home Theater System 5.1 Channel M1540 White,contoso home theater system 5.1 channel m1540 white,0203085,Contoso,2,203,dim_contoso_product,I,
277,Contoso Home Theater System 4.1 Channel M1420 White,contoso home theater system 4.1 channel m1420 white,0203086,Contoso,2,203,dim_contoso_product,I,
278,Contoso Home Theater System 2.1 Channel M1230 White,contoso home theater system 2.1 channel m1230 white,0203087,Contoso,2,203,dim_contoso_product,I,
279,Contoso Home Theater System 2.1 Channel E1200 Brown,contoso home theater system 2.1 channel e1200 brown,0203088,Contoso,2,203,dim_contoso_product,I,
280,Contoso Home Theater System 2.1 Channel M1210 Brown,contoso home theater system 2.1 channel m1210 brown,0203089,Contoso,2,203,dim_contoso_product,I,
281,Contoso Home Theater System 7.1 Channel M1700 Brown,contoso home theater system 7.1 channel m1700 brown,0203090,Contoso,2,203,dim_contoso_product,I,
282,Contoso Home Theater System 4.1 Channel M1400 Brown,contoso home theater system 4.1 channel m1400 brown,0203091,Contoso,2,203,dim_contoso_product,I,
283,Contoso Home Theater System 5.1 Channel M1500 Brown,contoso home theater system 5.1 channel m1500 brown,0203092,Contoso,2,203,dim_contoso_product,I,
284,Contoso Home Theater System 5.1 Channel M1510 Brown,contoso home theater system 5.1 channel m1510 brown,0203093,Contoso,2,203,dim_contoso_product,I,
285,Contoso Home Theater System 4.1 Channel M1410 Brown,contoso home theater system 4.1 channel m1410 brown,0203094,Contoso,2,203,dim_contoso_product,I,
286,Contoso Home Theater System 5.1 Channel M1520 Brown,contoso home theater system 5.1 channel m1520 brown,0203095,Contoso,2,203,dim_contoso_product,I,
287,Contoso Home Theater System 5.1 Channel M1530 Brown,contoso home theater system 5.1 channel m1530 brown,0203096,Contoso,2,203,dim_contoso_product,I,
288,Contoso Home Theater System 2.1 Channel E1220 Brown,contoso home theater system 2.1 channel e1220 brown,0203097,Contoso,2,203,dim_contoso_product,I,
289,Contoso Home Theater System 5.1 Channel M1540 Brown,contoso home theater system 5.1 channel m1540 brown,0203098,Contoso,2,203,dim_contoso_product,I,
290,Contoso Home Theater System 4.1 Channel M1420 Brown,contoso home theater system 4.1 channel m1420 brown,0203099,Contoso,2,203,dim_contoso_product,I,
291,Contoso Home Theater System 2.1 Channel M1230 Brown,contoso home theater system 2.1 channel m1230 brown,0203100,Contoso,2,203,dim_contoso_product,I,
292,SV Car Video LCD7W M7080 Black,sv car video lcd7w m7080 black,0205001,Southridge Video,2,205,dim_contoso_product,I,
293,SV Car Video LCD7W M7081 Black,sv car video lcd7w m7081 black,0205002,Southridge Video,2,205,dim_contoso_product,I,
294,SV Car Video TFT7 M7000 Black,sv car video tft7 m7000 black,0205003,Southridge Video,2,205,dim_contoso_product,I,
295,SV Car Video TFT6.2W E6280 Black,sv car video tft6.2w e6280 black,0205004,Southridge Video,2,205,dim_contoso_product,I,
296,SV Car Video TFT6.2W E6281 Black,sv car video tft6.2w e6281 black,0205005,Southridge Video,2,205,dim_contoso_product,I,
297,SV Car Video TFT6.2W E6282 Black,sv car video tft6.2w e6282 black,0205006,Southridge Video,2,205,dim_contoso_product,I,
298,SV Car Video TFT7 M7001 Black,sv car video tft7 m7001 black,0205007,Southridge Video,2,205,dim_contoso_product,I,
299,SV Car Video AM/FM E1000 Black,sv car video am/fm e1000 black,0205008,Southridge Video,2,205,dim_contoso_product,I,
300,SV Car Video AM/FM E1001 Black,sv car video am/fm e1001 black,0205009,Southridge Video,2,205,dim_contoso_product,I,
301,SV Car Video TFT7 M7002 Black,sv car video tft7 m7002 black,0205010,Southridge Video,2,205,dim_contoso_product,I,
302,SV Car Video LCD9.2W X9280 Black,sv car video lcd9.2w x9280 black,0205011,Southridge Video,2,205,dim_contoso_product,I,
303,SV Car Video LCD9.2W X9281 Black,sv car video lcd9.2w x9281 black,0205012,Southridge Video,2,205,dim_contoso_product,I,
304,SV Car Video LCD7W M7082 Black,sv car video lcd7w m7082 black,0205013,Southridge Video,2,205,dim_contoso_product,I,
305,SV Car Video LCD7 M7001 Black,sv car video lcd7 m7001 black,0205014,Southridge Video,2,205,dim_contoso_product,I,
306,SV Car Video LCD7 M7002 Black,sv car video lcd7 m7002 black,0205015,Southridge Video,2,205,dim_contoso_product,I,
307,SV Car Video LCD7 M7003 Black,sv car video lcd7 m7003 black,0205016,Southridge Video,2,205,dim_contoso_product,I,
308,SV Car Video LCD7W M7080 Silver,sv car video lcd7w m7080 silver,0205017,Southridge Video,2,205,dim_contoso_product,I,
309,SV Car Video LCD7W M7081 Silver,sv car video lcd7w m7081 silver,0205018,Southridge Video,2,205,dim_contoso_product,I,
310,SV Car Video TFT7 M7000 Silver,sv car video tft7 m7000 silver,0205019,Southridge Video,2,205,dim_contoso_product,I,
311,SV Car Video TFT6.2W E6280 Silver,sv car video tft6.2w e6280 silver,0205020,Southridge Video,2,205,dim_contoso_product,I,
312,SV Car Video TFT6.2W E6281 Silver,sv car video tft6.2w e6281 silver,0205021,Southridge Video,2,205,dim_contoso_product,I,
313,SV Car Video TFT6.2W E6282 Silver,sv car video tft6.2w e6282 silver,0205022,Southridge Video,2,205,dim_contoso_product,I,
314,SV Car Video TFT7 M7001 Silver,sv car video tft7 m7001 silver,0205023,Southridge Video,2,205,dim_contoso_product,I,
315,SV Car Video AM/FM E1000 Silver,sv car video am/fm e1000 silver,0205024,Southridge Video,2,205,dim_contoso_product,I,
316,SV Car Video AM/FM E1001 Silver,sv car video am/fm e1001 silver,0205025,Southridge Video,2,205,dim_contoso_product,I,
317,SV Car Video TFT7 M7002 Silver,sv car video tft7 m7002 silver,0205026,Southridge Video,2,205,dim_contoso_product,I,
318,SV Car Video LCD9.2W X9280 Silver,sv car video lcd9.2w x9280 silver,0205027,Southridge Video,2,205,dim_contoso_product,I,
319,SV Car Video LCD9.2W X9281 Silver,sv car video lcd9.2w x9281 silver,0205028,Southridge Video,2,205,dim_contoso_product,I,
320,SV Car Video LCD7W M7082 Silver,sv car video lcd7w m7082 silver,0205029,Southridge Video,2,205,dim_contoso_product,I,
321,SV Car Video LCD7 M7001 Silver,sv car video lcd7 m7001 silver,0205030,Southridge Video,2,205,dim_contoso_product,I,
322,SV Car Video LCD7 M7002 Silver,sv car video lcd7 m7002 silver,0205031,Southridge Video,2,205,dim_contoso_product,I,
323,SV Car Video LCD7 M7003 Silver,sv car video lcd7 m7003 silver,0205032,Southridge Video,2,205,dim_contoso_product,I,
324,SV Car Video LCD7W M7080 Brown,sv car video lcd7w m7080 brown,0205033,Southridge Video,2,205,dim_contoso_product,I,
325,SV Car Video LCD7W M7081 Brown,sv car video lcd7w m7081 brown,0205034,Southridge Video,2,205,dim_contoso_product,I,
326,SV Car Video TFT7 M7000 Brown,sv car video tft7 m7000 brown,0205035,Southridge Video,2,205,dim_contoso_product,I,
327,SV Car Video TFT6.2W E6280 Brown,sv car video tft6.2w e6280 brown,0205036,Southridge Video,2,205,dim_contoso_product,I,
328,SV Car Video TFT6.2W E6281 Brown,sv car video tft6.2w e6281 brown,0205037,Southridge Video,2,205,dim_contoso_product,I,
329,SV Car Video TFT6.2W E6282 Brown,sv car video tft6.2w e6282 brown,0205038,Southridge Video,2,205,dim_contoso_product,I,
330,SV Car Video TFT7 M7001 Brown,sv car video tft7 m7001 brown,0205039,Southridge Video,2,205,dim_contoso_product,I,
331,SV Car Video AM/FM E1000 Brown,sv car video am/fm e1000 brown,0205040,Southridge Video,2,205,dim_contoso_product,I,
332,SV Car Video AM/FM E1001 Brown,sv car video am/fm e1001 brown,0205041,Southridge Video,2,205,dim_contoso_product,I,
333,SV Car Video TFT7 M7002 Brown,sv car video tft7 m7002 brown,0205042,Southridge Video,2,205,dim_contoso_product,I,
334,SV Car Video LCD9.2W X9280 Brown,sv car video lcd9.2w x9280 brown,0205043,Southridge Video,2,205,dim_contoso_product,I,
335,SV Car Video LCD9.2W X9281 Brown,sv car video lcd9.2w x9281 brown,0205044,Southridge Video,2,205,dim_contoso_product,I,
336,SV Car Video LCD7W M7082 Brown,sv car video lcd7w m7082 brown,0205045,Southridge Video,2,205,dim_contoso_product,I,
337,SV Car Video LCD7 M7001 Brown,sv car video lcd7 m7001 brown,0205046,Southridge Video,2,205,dim_contoso_product,I,
338,Fabrikam Laptop19W M9800 Black,fabrikam laptop19w m9800 black,0301001,Fabrikam,3,301,dim_contoso_product,I,
339,Fabrikam Laptop17W M7080 Black,fabrikam laptop17w m7080 black,0301002,Fabrikam,3,301,dim_contoso_product,I,
340,Fabrikam Laptop17 M7000 Black,fabrikam laptop17 m7000 black,0301003,Fabrikam,3,301,dim_contoso_product,I,
341,Fabrikam Laptop16W M6080 Black,fabrikam laptop16w m6080 black,0301004,Fabrikam,3,301,dim_contoso_product,I,
342,Fabrikam Laptop16 M6000 Black,fabrikam laptop16 m6000 black,0301005,Fabrikam,3,301,dim_contoso_product,I,
343,Fabrikam Laptop19 M9000 Black,fabrikam laptop19 m9000 black,0301006,Fabrikam,3,301,dim_contoso_product,I,
344,Fabrikam Laptop12 M2000 White,fabrikam laptop12 m2000 white,0301007,Fabrikam,3,301,dim_contoso_product,I,
345,Fabrikam Laptop15 M5000 White,fabrikam laptop15 m5000 white,0301008,Fabrikam,3,301,dim_contoso_product,I,
346,Fabrikam Laptop15.4 M5400 White,fabrikam laptop15.4 m5400 white,0301009,Fabrikam,3,301,dim_contoso_product,I,
347,Fabrikam Laptop14.1 M4100 White,fabrikam laptop14.1 m4100 white,0301010,Fabrikam,3,301,dim_contoso_product,I,
348,Fabrikam Laptop15.4W M5480 White,fabrikam laptop15.4w m5480 white,0301011,Fabrikam,3,301,dim_contoso_product,I,
349,Fabrikam Laptop10.1 M0100 White,fabrikam laptop10.1 m0100 white,0301012,Fabrikam,3,301,dim_contoso_product,I,
350,Fabrikam Laptop12W M2080 Silver,fabrikam laptop12w m2080 silver,0301013,Fabrikam,3,301,dim_contoso_product,I,
351,Fabrikam Laptop8.9W E0880 Silver,fabrikam laptop8.9w e0880 silver,0301014,Fabrikam,3,301,dim_contoso_product,I,
352,Fabrikam Laptop8.9 E0800 Silver,fabrikam laptop8.9 e0800 silver,0301015,Fabrikam,3,301,dim_contoso_product,I,
353,Fabrikam Laptop10.1 M0101 Silver,fabrikam laptop10.1 m0101 silver,0301016,Fabrikam,3,301,dim_contoso_product,I,
354,Fabrikam Laptop12 M2001 Silver,fabrikam laptop12 m2001 silver,0301017,Fabrikam,3,301,dim_contoso_product,I,
355,Fabrikam Laptop8.9 M0801 Silver,fabrikam laptop8.9 m0801 silver,0301018,Fabrikam,3,301,dim_contoso_product,I,
356,Fabrikam Laptop14.1W M4180 Red,fabrikam laptop14.1w m4180 red,0301019,Fabrikam,3,301,dim_contoso_product,I,
357,Fabrikam Laptop14.1 E4101 Red,fabrikam laptop14.1 e4101 red,0301020,Fabrikam,3,301,dim_contoso_product,I,
358,Fabrikam Laptop8.9 E8002 Red,fabrikam laptop8.9 e8002 red,0301021,Fabrikam,3,301,dim_contoso_product,I,
359,Fabrikam Laptop12 M2002 Red,fabrikam laptop12 m2002 red,0301022,Fabrikam,3,301,dim_contoso_product,I,
360,Fabrikam Laptop13.3 M3000 Red,fabrikam laptop13.3 m3000 red,0301023,Fabrikam,3,301,dim_contoso_product,I,
361,Fabrikam Laptop13.3W M3080 Red,fabrikam laptop13.3w m3080 red,0301024,Fabrikam,3,301,dim_contoso_product,I,
362,Adventure Works Laptop19 X1900 Black,adventure works laptop19 x1900 black,0301025,Adventure Works,3,301,dim_contoso_product,I,
363,Adventure Works Laptop15 M1500 Black,adventure works laptop15 m1500 black,0301026,Adventure Works,3,301,dim_contoso_product,I,
364,Adventure Works Laptop12 M1200 Black,adventure works laptop12 m1200 black,0301027,Adventure Works,3,301,dim_contoso_product,I,
365,Adventure Works Laptop16 M1600 Black,adventure works laptop16 m1600 black,0301028,Adventure Works,3,301,dim_contoso_product,I,
366,Adventure Works Laptop15.4W M1548 Black,adventure works laptop15.4w m1548 black,0301029,Adventure Works,3,301,dim_contoso_product,I,
367,Adventure Works Laptop8.9 E0890 Black,adventure works laptop8.9 e0890 black,0301030,Adventure Works,3,301,dim_contoso_product,I,
368,Adventure Works Laptop19W X1980 White,adventure works laptop19w x1980 white,0301031,Adventure Works,3,301,dim_contoso_product,I,
369,Adventure Works Laptop15 M1501 White,adventure works laptop15 m1501 white,0301032,Adventure Works,3,301,dim_contoso_product,I,
370,Adventure Works Laptop12 M1201 White,adventure works laptop12 m1201 white,0301033,Adventure Works,3,301,dim_contoso_product,I,
371,Adventure Works Laptop16 M1601 White,adventure works laptop16 m1601 white,0301034,Adventure Works,3,301,dim_contoso_product,I,
372,Adventure Works Laptop15.4W M1548 White,adventure works laptop15.4w m1548 white,0301035,Adventure Works,3,301,dim_contoso_product,I,
373,Adventure Works Laptop8.9 E0890 White,adventure works laptop8.9 e0890 white,0301036,Adventure Works,3,301,dim_contoso_product,I,
374,Adventure Works Laptop19W X1980 Silver,adventure works laptop19w x1980 silver,0301037,Adventure Works,3,301,dim_contoso_product,I,
375,Adventure Works Laptop15 M1501 Silver,adventure works laptop15 m1501 silver,0301038,Adventure Works,3,301,dim_contoso_product,I,
376,Adventure Works Laptop12 M1201 Silver,adventure works laptop12 m1201 silver,0301039,Adventure Works,3,301,dim_contoso_product,I,
377,Adventure Works Laptop16 M1601 Silver,adventure works laptop16 m1601 silver,0301040,Adventure Works,3,301,dim_contoso_product,I,
378,Adventure Works Laptop15.4W M1548 Silver,adventure works laptop15.4w m1548 silver,0301041,Adventure Works,3,301,dim_contoso_product,I,
379,Adventure Works Laptop8.9 E0890 Silver,adventure works laptop8.9 e0890 silver,0301042,Adventure Works,3,301,dim_contoso_product,I,
380,Adventure Works Laptop19W X1980 Red,adventure works laptop19w x1980 red,0301043,Adventure Works,3,301,dim_contoso_product,I,
381,Adventure Works Laptop15 M1501 Red,adventure works laptop15 m1501 red,0301044,Adventure Works,3,301,dim_contoso_product,I,
382,Adventure Works Laptop12 M1201 Red,adventure works laptop12 m1201 red,0301045,Adventure Works,3,301,dim_contoso_product,I,
383,Adventure Works Laptop16 M1601 Red,adventure works laptop16 m1601 red,0301046,Adventure Works,3,301,dim_contoso_product,I,
384,Adventure Works Laptop15.4W M1548 Red,adventure works laptop15.4w m1548 red,0301047,Adventure Works,3,301,dim_contoso_product,I,
385,Adventure Works Laptop8.9 E0890 Red,adventure works laptop8.9 e0890 red,0301048,Adventure Works,3,301,dim_contoso_product,I,
386,Adventure Works Laptop19W X1980 Blue,adventure works laptop19w x1980 blue,0301049,Adventure Works,3,301,dim_contoso_product,I,
387,Adventure Works Laptop15 M1501 Blue,adventure works laptop15 m1501 blue,0301050,Adventure Works,3,301,dim_contoso_product,I,
388,Adventure Works Laptop12 M1201 Blue,adventure works laptop12 m1201 blue,0301051,Adventure Works,3,301,dim_contoso_product,I,
389,Adventure Works Laptop16 M1601 Blue,adventure works laptop16 m1601 blue,0301052,Adventure Works,3,301,dim_contoso_product,I,
390,WWI Laptop19W X0196 Black,wwi laptop19w x0196 black,0301053,Wide World Importers,3,301,dim_contoso_product,I,
391,WWI Laptop15 M0150 Black,wwi laptop15 m0150 black,0301054,Wide World Importers,3,301,dim_contoso_product,I,
392,WWI Laptop12 M0120 Black,wwi laptop12 m0120 black,0301055,Wide World Importers,3,301,dim_contoso_product,I,
393,WWI Laptop16 M0160 Black,wwi laptop16 m0160 black,0301056,Wide World Importers,3,301,dim_contoso_product,I,
394,WWI Laptop15.4W M0156 Black,wwi laptop15.4w m0156 black,0301057,Wide World Importers,3,301,dim_contoso_product,I,
395,WWI Laptop8.9 E0089 Black,wwi laptop8.9 e0089 black,0301058,Wide World Importers,3,301,dim_contoso_product,I,
396,WWI Laptop19W X0196 White,wwi laptop19w x0196 white,0301059,Wide World Importers,3,301,dim_contoso_product,I,
397,WWI Laptop15 M0150 White,wwi laptop15 m0150 white,0301060,Wide World Importers,3,301,dim_contoso_product,I,
398,WWI Laptop12 M0120 White,wwi laptop12 m0120 white,0301061,Wide World Importers,3,301,dim_contoso_product,I,
399,WWI Laptop16 M0160 White,wwi laptop16 m0160 white,0301062,Wide World Importers,3,301,dim_contoso_product,I,
400,WWI Laptop15.4W M0156 White,wwi laptop15.4w m0156 white,0301063,Wide World Importers,3,301,dim_contoso_product,I,
401,WWI Laptop8.9 E0089 White,wwi laptop8.9 e0089 white,0301064,Wide World Importers,3,301,dim_contoso_product,I,
402,WWI Laptop19W X0196 Blue,wwi laptop19w x0196 blue,0301065,Wide World Importers,3,301,dim_contoso_product,I,
403,WWI Laptop15 M0150 Blue,wwi laptop15 m0150 blue,0301066,Wide World Importers,3,301,dim_contoso_product,I,
404,Proseware Laptop19 X910 Black,proseware laptop19 x910 black,0301067,Proseware,3,301,dim_contoso_product,I,
405,Proseware Laptop15 M510 Black,proseware laptop15 m510 black,0301068,Proseware,3,301,dim_contoso_product,I,
406,Proseware Laptop12 M210 Black,proseware laptop12 m210 black,0301069,Proseware,3,301,dim_contoso_product,I,
407,Proseware Laptop16 M610 Black,proseware laptop16 m610 black,0301070,Proseware,3,301,dim_contoso_product,I,
408,Proseware Laptop15.4W M518 Black,proseware laptop15.4w m518 black,0301071,Proseware,3,301,dim_contoso_product,I,
409,Proseware Laptop8.9 E089 Black,proseware laptop8.9 e089 black,0301072,Proseware,3,301,dim_contoso_product,I,
410,Proseware Laptop19W X910 White,proseware laptop19w x910 white,0301073,Proseware,3,301,dim_contoso_product,I,
411,Proseware Laptop15 M510 White,proseware laptop15 m510 white,0301074,Proseware,3,301,dim_contoso_product,I,
412,Proseware Laptop12 M210 White,proseware laptop12 m210 white,0301075,Proseware,3,301,dim_contoso_product,I,
413,Proseware Laptop16 M610 White,proseware laptop16 m610 white,0301076,Proseware,3,301,dim_contoso_product,I,
414,Proseware Laptop15.4W M518 White,proseware laptop15.4w m518 white,0301077,Proseware,3,301,dim_contoso_product,I,
415,Proseware Laptop8.9 E089 White,proseware laptop8.9 e089 white,0301078,Proseware,3,301,dim_contoso_product,I,
416,Adventure Works Desktop PC2.33 XD233 Silver,adventure works desktop pc2.33 xd233 silver,0303001,Adventure Works,3,303,dim_contoso_product,I,
417,Adventure Works Desktop PC2.30 MD230 Silver,adventure works desktop pc2.30 md230 silver,0303002,Adventure Works,3,303,dim_contoso_product,I,
418,Adventure Works Desktop PC1.60 ED160 Silver,adventure works desktop pc1.60 ed160 silver,0303003,Adventure Works,3,303,dim_contoso_product,I,
419,Adventure Works Desktop PC1.80 ED180 Silver,adventure works desktop pc1.80 ed180 silver,0303004,Adventure Works,3,303,dim_contoso_product,I,
420,Adventure Works Desktop PC1.80 ED182 Silver,adventure works desktop pc1.80 ed182 silver,0303005,Adventure Works,3,303,dim_contoso_product,I,
421,Adventure Works Desktop PC3.0 MS300 Silver,adventure works desktop pc3.0 ms300 silver,0303006,Adventure Works,3,303,dim_contoso_product,I,
422,Adventure Works Desktop PC2.33 XD233 Black,adventure works desktop pc2.33 xd233 black,0303007,Adventure Works,3,303,dim_contoso_product,I,
423,Adventure Works Desktop PC2.30 MD230 Black,adventure works desktop pc2.30 md230 black,0303008,Adventure Works,3,303,dim_contoso_product,I,
424,Adventure Works Desktop PC1.60 ED160 Black,adventure works desktop pc1.60 ed160 black,0303009,Adventure Works,3,303,dim_contoso_product,I,
425,Adventure Works Desktop PC1.80 ED180 Black,adventure works desktop pc1.80 ed180 black,0303010,Adventure Works,3,303,dim_contoso_product,I,
426,Adventure Works Desktop PC1.80 ED182 Black,adventure works desktop pc1.80 ed182 black,0303011,Adventure Works,3,303,dim_contoso_product,I,
427,Adventure Works Desktop PC3.0 MS300 Black,adventure works desktop pc3.0 ms300 black,0303012,Adventure Works,3,303,dim_contoso_product,I,
428,Adventure Works Desktop PC2.33 XD233 Brown,adventure works desktop pc2.33 xd233 brown,0303013,Adventure Works,3,303,dim_contoso_product,I,
429,Adventure Works Desktop PC2.30 MD230 Brown,adventure works desktop pc2.30 md230 brown,0303014,Adventure Works,3,303,dim_contoso_product,I,
430,Adventure Works Desktop PC1.60 ED160 Brown,adventure works desktop pc1.60 ed160 brown,0303015,Adventure Works,3,303,dim_contoso_product,I,
431,Adventure Works Desktop PC1.80 ED180 Brown,adventure works desktop pc1.80 ed180 brown,0303016,Adventure Works,3,303,dim_contoso_product,I,
432,Adventure Works Desktop PC1.80 ED182 Brown,adventure works desktop pc1.80 ed182 brown,0303017,Adventure Works,3,303,dim_contoso_product,I,
433,Adventure Works Desktop PC2.33 XD233 White,adventure works desktop pc2.33 xd233 white,0303018,Adventure Works,3,303,dim_contoso_product,I,
434,Adventure Works Desktop PC2.30 MD230 White,adventure works desktop pc2.30 md230 white,0303019,Adventure Works,3,303,dim_contoso_product,I,
435,Adventure Works Desktop PC1.60 ED160 White,adventure works desktop pc1.60 ed160 white,0303020,Adventure Works,3,303,dim_contoso_product,I,
436,Adventure Works Desktop PC1.80 ED180 White,adventure works desktop pc1.80 ed180 white,0303021,Adventure Works,3,303,dim_contoso_product,I,
437,Adventure Works Desktop PC1.80 ED182 White,adventure works desktop pc1.80 ed182 white,0303022,Adventure Works,3,303,dim_contoso_product,I,
438,WWI Desktop PC2.33 X2330 Silver,wwi desktop pc2.33 x2330 silver,0303023,Wide World Importers,3,303,dim_contoso_product,I,
439,WWI Desktop PC2.30 M2300 Brown,wwi desktop pc2.30 m2300 brown,0303024,Wide World Importers,3,303,dim_contoso_product,I,
440,WWI Desktop PC1.60 E1600 Silver,wwi desktop pc1.60 e1600 silver,0303025,Wide World Importers,3,303,dim_contoso_product,I,
441,WWI Desktop PC1.80 E1800 Brown,wwi desktop pc1.80 e1800 brown,0303026,Wide World Importers,3,303,dim_contoso_product,I,
442,WWI Desktop PC1.80 E1801 Silver,wwi desktop pc1.80 e1801 silver,0303027,Wide World Importers,3,303,dim_contoso_product,I,
443,WWI Desktop PC3.0 M0300 Silver,wwi desktop pc3.0 m0300 silver,0303028,Wide World Importers,3,303,dim_contoso_product,I,
444,WWI Desktop PC2.33 X2330 Black,wwi desktop pc2.33 x2330 black,0303029,Wide World Importers,3,303,dim_contoso_product,I,
445,WWI Desktop PC2.30 M2300 Black,wwi desktop pc2.30 m2300 black,0303030,Wide World Importers,3,303,dim_contoso_product,I,
446,WWI Desktop PC1.60 E1600 Black,wwi desktop pc1.60 e1600 black,0303031,Wide World Importers,3,303,dim_contoso_product,I,
447,WWI Desktop PC1.80 E1800 Black,wwi desktop pc1.80 e1800 black,0303032,Wide World Importers,3,303,dim_contoso_product,I,
448,WWI Desktop PC1.80 E1801 Black,wwi desktop pc1.80 e1801 black,0303033,Wide World Importers,3,303,dim_contoso_product,I,
449,WWI Desktop PC3.0 M0300 Black,wwi desktop pc3.0 m0300 black,0303034,Wide World Importers,3,303,dim_contoso_product,I,
450,WWI Desktop PC2.33 X2330 Brown,wwi desktop pc2.33 x2330 brown,0303035,Wide World Importers,3,303,dim_contoso_product,I,
451,WWI Desktop PC2.30 M2300 Silver,wwi desktop pc2.30 m2300 silver,0303036,Wide World Importers,3,303,dim_contoso_product,I,
452,WWI Desktop PC1.60 E1600 Red,wwi desktop pc1.60 e1600 red,0303037,Wide World Importers,3,303,dim_contoso_product,I,
453,WWI Desktop PC1.80 E1800 Silver,wwi desktop pc1.80 e1800 silver,0303038,Wide World Importers,3,303,dim_contoso_product,I,
454,WWI Desktop PC1.80 E1801 Brown,wwi desktop pc1.80 e1801 brown,0303039,Wide World Importers,3,303,dim_contoso_product,I,
455,WWI Desktop PC2.33 X2330 White,wwi desktop pc2.33 x2330 white,0303040,Wide World Importers,3,303,dim_contoso_product,I,
456,WWI Desktop PC2.30 M2300 White,wwi desktop pc2.30 m2300 white,0303041,Wide World Importers,3,303,dim_contoso_product,I,
457,WWI Desktop PC1.60 E1600 White,wwi desktop pc1.60 e1600 white,0303042,Wide World Importers,3,303,dim_contoso_product,I,
458,WWI Desktop PC1.80 E1800 White,wwi desktop pc1.80 e1800 white,0303043,Wide World Importers,3,303,dim_contoso_product,I,
459,WWI Desktop PC1.80 E1801 White,wwi desktop pc1.80 e1801 white,0303044,Wide World Importers,3,303,dim_contoso_product,I,
460,WWI Desktop PC1.80 E1802 White,wwi desktop pc1.80 e1802 white,0303045,Wide World Importers,3,303,dim_contoso_product,I,
461,Proseware LCD24 X300 Black,proseware lcd24 x300 black,0304001,Proseware,3,304,dim_contoso_product,I,
462,Proseware LCD24W X300 Black,proseware lcd24w x300 black,0304002,Proseware,3,304,dim_contoso_product,I,
463,Proseware LCD22 M2000 Black,proseware lcd22 m2000 black,0304003,Proseware,3,304,dim_contoso_product,I,
464,Proseware LCD22W M2001 Black,proseware lcd22w m2001 black,0304004,Proseware,3,304,dim_contoso_product,I,
465,Proseware LCD20 M200 Black,proseware lcd20 m200 black,0304005,Proseware,3,304,dim_contoso_product,I,
466,Proseware LCD20W M230 Black,proseware lcd20w m230 black,0304006,Proseware,3,304,dim_contoso_product,I,
467,Proseware LCD19 E1000 Black,proseware lcd19 e1000 black,0304007,Proseware,3,304,dim_contoso_product,I,
468,Proseware LCD19W M100 Black,proseware lcd19w m100 black,0304008,Proseware,3,304,dim_contoso_product,I,
469,Proseware LCD17 E200 Black,proseware lcd17 e200 black,0304009,Proseware,3,304,dim_contoso_product,I,
470,Proseware LCD17W E202 Black,proseware lcd17w e202 black,0304010,Proseware,3,304,dim_contoso_product,I,
471,Proseware LCD15 E103 Black,proseware lcd15 e103 black,0304011,Proseware,3,304,dim_contoso_product,I,
472,Proseware CRT19 E201 Black,proseware crt19 e201 black,0304012,Proseware,3,304,dim_contoso_product,I,
473,Proseware CRT17 E104 Black,proseware crt17 e104 black,0304013,Proseware,3,304,dim_contoso_product,I,
474,Proseware CRT15 E10 Black,proseware crt15 e10 black,0304014,Proseware,3,304,dim_contoso_product,I,
475,Proseware LCD24 X300 White,proseware lcd24 x300 white,0304015,Proseware,3,304,dim_contoso_product,I,
476,Proseware LCD24W X300 White,proseware lcd24w x300 white,0304016,Proseware,3,304,dim_contoso_product,I,
477,Proseware LCD22 M2000 White,proseware lcd22 m2000 white,0304017,Proseware,3,304,dim_contoso_product,I,
478,Proseware LCD22W M2001 White,proseware lcd22w m2001 white,0304018,Proseware,3,304,dim_contoso_product,I,
479,Proseware LCD20 M200 White,proseware lcd20 m200 white,0304019,Proseware,3,304,dim_contoso_product,I,
480,Proseware LCD20W M230 White,proseware lcd20w m230 white,0304020,Proseware,3,304,dim_contoso_product,I,
481,Proseware LCD19 E1000 White,proseware lcd19 e1000 white,0304021,Proseware,3,304,dim_contoso_product,I,
482,Proseware LCD19W M100 White,proseware lcd19w m100 white,0304022,Proseware,3,304,dim_contoso_product,I,
483,Proseware LCD17 E200 White,proseware lcd17 e200 white,0304023,Proseware,3,304,dim_contoso_product,I,
484,Proseware LCD17W E202 White,proseware lcd17w e202 white,0304024,Proseware,3,304,dim_contoso_product,I,
485,Proseware LCD15 E103 White,proseware lcd15 e103 white,0304025,Proseware,3,304,dim_contoso_product,I,
486,Proseware CRT19 E201 White,proseware crt19 e201 white,0304026,Proseware,3,304,dim_contoso_product,I,
487,Proseware CRT17 E104 White,proseware crt17 e104 white,0304027,Proseware,3,304,dim_contoso_product,I,
488,Proseware CRT15 E10 White,proseware crt15 e10 white,0304028,Proseware,3,304,dim_contoso_product,I,
489,Adventure Works LCD24 X300 Black,adventure works lcd24 x300 black,0304029,Adventure Works,3,304,dim_contoso_product,I,
490,Adventure Works LCD24W X300 Black,adventure works lcd24w x300 black,0304030,Adventure Works,3,304,dim_contoso_product,I,
491,Adventure Works LCD22 M200 Black,adventure works lcd22 m200 black,0304031,Adventure Works,3,304,dim_contoso_product,I,
492,Adventure Works LCD22W M200 Black,adventure works lcd22w m200 black,0304032,Adventure Works,3,304,dim_contoso_product,I,
493,Adventure Works LCD20 M210 Black,adventure works lcd20 m210 black,0304033,Adventure Works,3,304,dim_contoso_product,I,
494,Adventure Works LCD20W M240 Black,adventure works lcd20w m240 black,0304034,Adventure Works,3,304,dim_contoso_product,I,
495,Adventure Works LCD19 E108 Black,adventure works lcd19 e108 black,0304035,Adventure Works,3,304,dim_contoso_product,I,
496,Adventure Works LCD19W M100 Black,adventure works lcd19w m100 black,0304036,Adventure Works,3,304,dim_contoso_product,I,
497,Adventure Works LCD17 E200 Black,adventure works lcd17 e200 black,0304037,Adventure Works,3,304,dim_contoso_product,I,
498,Adventure Works LCD17W E203 Black,adventure works lcd17w e203 black,0304038,Adventure Works,3,304,dim_contoso_product,I,
499,Adventure Works LCD15 E100 Black,adventure works lcd15 e100 black,0304039,Adventure Works,3,304,dim_contoso_product,I,
500,Adventure Works CRT19 E10 Black,adventure works crt19 e10 black,0304040,Adventure Works,3,304,dim_contoso_product,I,
501,Adventure Works CRT17 E105 Black,adventure works crt17 e105 black,0304041,Adventure Works,3,304,dim_contoso_product,I,
502,Adventure Works CRT15 E101 Black,adventure works crt15 e101 black,0304042,Adventure Works,3,304,dim_contoso_product,I,
503,Adventure Works LCD24 X300 White,adventure works lcd24 x300 white,0304043,Adventure Works,3,304,dim_contoso_product,I,
504,Adventure Works LCD24W X300 White,adventure works lcd24w x300 white,0304044,Adventure Works,3,304,dim_contoso_product,I,
505,Adventure Works LCD22 M200 White,adventure works lcd22 m200 white,0304045,Adventure Works,3,304,dim_contoso_product,I,
506,Adventure Works LCD22W M200 White,adventure works lcd22w m200 white,0304046,Adventure Works,3,304,dim_contoso_product,I,
507,Adventure Works LCD20 M210 White,adventure works lcd20 m210 white,0304047,Adventure Works,3,304,dim_contoso_product,I,
508,Adventure Works LCD20W M240 White,adventure works lcd20w m240 white,0304048,Adventure Works,3,304,dim_contoso_product,I,
509,Adventure Works LCD19 E108 White,adventure works lcd19 e108 white,0304049,Adventure Works,3,304,dim_contoso_product,I,
510,Adventure Works LCD19W M100 White,adventure works lcd19w m100 white,0304050,Adventure Works,3,304,dim_contoso_product,I,
511,Adventure Works LCD17 E200 White,adventure works lcd17 e200 white,0304051,Adventure Works,3,304,dim_contoso_product,I,
512,Adventure Works LCD17W E203 White,adventure works lcd17w e203 white,0304052,Adventure Works,3,304,dim_contoso_product,I,
513,Adventure Works LCD15 E100 White,adventure works lcd15 e100 white,0304053,Adventure Works,3,304,dim_contoso_product,I,
514,Adventure Works CRT19 E10 White,adventure works crt19 e10 white,0304054,Adventure Works,3,304,dim_contoso_product,I,
515,Adventure Works CRT17 E105 White,adventure works crt17 e105 white,0304055,Adventure Works,3,304,dim_contoso_product,I,
516,Adventure Works CRT15 E101 White,adventure works crt15 e101 white,0304056,Adventure Works,3,304,dim_contoso_product,I,
517,WWI LCD24 X300 Black,wwi lcd24 x300 black,0304057,Wide World Importers,3,304,dim_contoso_product,I,
518,WWI LCD24W X300 Black,wwi lcd24w x300 black,0304058,Wide World Importers,3,304,dim_contoso_product,I,
519,WWI LCD22 M2002 Black,wwi lcd22 m2002 black,0304059,Wide World Importers,3,304,dim_contoso_product,I,
520,WWI LCD22W M2003 Black,wwi lcd22w m2003 black,0304060,Wide World Importers,3,304,dim_contoso_product,I,
521,WWI LCD20 M220 Black,wwi lcd20 m220 black,0304061,Wide World Importers,3,304,dim_contoso_product,I,
522,WWI LCD20W M250 Black,wwi lcd20w m250 black,0304062,Wide World Importers,3,304,dim_contoso_product,I,
523,WWI LCD19 E107 Black,wwi lcd19 e107 black,0304063,Wide World Importers,3,304,dim_contoso_product,I,
524,WWI LCD19W M100 Black,wwi lcd19w m100 black,0304064,Wide World Importers,3,304,dim_contoso_product,I,
525,WWI LCD17 E200 Black,wwi lcd17 e200 black,0304065,Wide World Importers,3,304,dim_contoso_product,I,
526,WWI LCD17W E200 Black,wwi lcd17w e200 black,0304066,Wide World Importers,3,304,dim_contoso_product,I,
527,WWI CRT17 E106 Black,wwi crt17 e106 black,0304067,Wide World Importers,3,304,dim_contoso_product,I,
528,WWI LCD24 X300 White,wwi lcd24 x300 white,0304068,Wide World Importers,3,304,dim_contoso_product,I,
529,WWI LCD24W X300 White,wwi lcd24w x300 white,0304069,Wide World Importers,3,304,dim_contoso_product,I,
530,WWI LCD22 M2002 White,wwi lcd22 m2002 white,0304070,Wide World Importers,3,304,dim_contoso_product,I,
531,WWI LCD22W M2003 White,wwi lcd22w m2003 white,0304071,Wide World Importers,3,304,dim_contoso_product,I,
532,WWI LCD20 M220 White,wwi lcd20 m220 white,0304072,Wide World Importers,3,304,dim_contoso_product,I,
533,WWI LCD20W M250 White,wwi lcd20w m250 white,0304073,Wide World Importers,3,304,dim_contoso_product,I,
534,WWI LCD19 E107 White,wwi lcd19 e107 white,0304074,Wide World Importers,3,304,dim_contoso_product,I,
535,WWI LCD19W M100 White,wwi lcd19w m100 white,0304075,Wide World Importers,3,304,dim_contoso_product,I,
536,WWI LCD17 E205 White,wwi lcd17 e205 white,0304076,Wide World Importers,3,304,dim_contoso_product,I,
537,WWI LCD17W E200 White,wwi lcd17w e200 white,0304077,Wide World Importers,3,304,dim_contoso_product,I,
538,WWI CRT17 E106 White,wwi crt17 e106 white,0304078,Wide World Importers,3,304,dim_contoso_product,I,
539,Proseware Projector 1080p LCD86 Black,proseware projector 1080p lcd86 black,0305001,Proseware,3,305,dim_contoso_product,I,
540,Proseware Projector 1080p DLP86 Black,proseware projector 1080p dlp86 black,0305002,Proseware,3,305,dim_contoso_product,I,
541,Proseware Projector 720p LCD56 Black,proseware projector 720p lcd56 black,0305003,Proseware,3,305,dim_contoso_product,I,
542,Proseware Projector 720p DLP56 Black,proseware projector 720p dlp56 black,0305004,Proseware,3,305,dim_contoso_product,I,
543,Proseware Projector 480p LCD12 Black,proseware projector 480p lcd12 black,0305005,Proseware,3,305,dim_contoso_product,I,
544,Proseware Projector 480p DLP12 Black,proseware projector 480p dlp12 black,0305006,Proseware,3,305,dim_contoso_product,I,
545,Proseware Screen 125in X1609 Black,proseware screen 125in x1609 black,0305007,Proseware,3,305,dim_contoso_product,I,
546,Proseware Screen 113in X1609 Black,proseware screen 113in x1609 black,0305008,Proseware,3,305,dim_contoso_product,I,
547,Proseware Screen 106in M1609 Black,proseware screen 106in m1609 black,0305009,Proseware,3,305,dim_contoso_product,I,
548,Proseware Screen 100in M1609 Black,proseware screen 100in m1609 black,0305010,Proseware,3,305,dim_contoso_product,I,
549,Proseware Screen 85in E1010 Black,proseware screen 85in e1010 black,0305011,Proseware,3,305,dim_contoso_product,I,
550,Proseware Screen 80in E1010 Black,proseware screen 80in e1010 black,0305012,Proseware,3,305,dim_contoso_product,I,
551,Proseware Projector 1080p LCD86 White,proseware projector 1080p lcd86 white,0305013,Proseware,3,305,dim_contoso_product,I,
552,Proseware Projector 1080p DLP86 White,proseware projector 1080p dlp86 white,0305014,Proseware,3,305,dim_contoso_product,I,
553,Proseware Projector 720p LCD56 White,proseware projector 720p lcd56 white,0305015,Proseware,3,305,dim_contoso_product,I,
554,Proseware Projector 720p DLP56 White,proseware projector 720p dlp56 white,0305016,Proseware,3,305,dim_contoso_product,I,
555,Proseware Projector 480p LCD12 White,proseware projector 480p lcd12 white,0305017,Proseware,3,305,dim_contoso_product,I,
556,Proseware Projector 480p DLP12 White,proseware projector 480p dlp12 white,0305018,Proseware,3,305,dim_contoso_product,I,
557,Proseware Screen 125in X1609 White,proseware screen 125in x1609 white,0305019,Proseware,3,305,dim_contoso_product,I,
558,Proseware Screen 113in X1609 White,proseware screen 113in x1609 white,0305020,Proseware,3,305,dim_contoso_product,I,
559,Proseware Screen 106in M1609 White,proseware screen 106in m1609 white,0305021,Proseware,3,305,dim_contoso_product,I,
560,Proseware Screen 100in M1609 White,proseware screen 100in m1609 white,0305022,Proseware,3,305,dim_contoso_product,I,
561,Proseware Screen 85in E1010 White,proseware screen 85in e1010 white,0305023,Proseware,3,305,dim_contoso_product,I,
562,Proseware Screen 80in E1010 White,proseware screen 80in e1010 white,0305024,Proseware,3,305,dim_contoso_product,I,
563,Proseware Projector 1080p LCD86 Silver,proseware projector 1080p lcd86 silver,0305025,Proseware,3,305,dim_contoso_product,I,
564,Proseware Projector 1080p DLP86 Silver,proseware projector 1080p dlp86 silver,0305026,Proseware,3,305,dim_contoso_product,I,
565,Proseware Projector 720p LCD56 Silver,proseware projector 720p lcd56 silver,0305027,Proseware,3,305,dim_contoso_product,I,
566,Proseware Projector 720p DLP56 Silver,proseware projector 720p dlp56 silver,0305028,Proseware,3,305,dim_contoso_product,I,
567,Proseware Projector 480p LCD12 Silver,proseware projector 480p lcd12 silver,0305029,Proseware,3,305,dim_contoso_product,I,
568,Proseware Projector 480p DLP12 Silver,proseware projector 480p dlp12 silver,0305030,Proseware,3,305,dim_contoso_product,I,
569,Proseware Screen 125in X1609 Silver,proseware screen 125in x1609 silver,0305031,Proseware,3,305,dim_contoso_product,I,
570,Proseware Screen 113in X1609 Silver,proseware screen 113in x1609 silver,0305032,Proseware,3,305,dim_contoso_product,I,
571,Proseware Screen 106in M1609 Silver,proseware screen 106in m1609 silver,0305033,Proseware,3,305,dim_contoso_product,I,
572,Proseware Screen 100in M1609 Silver,proseware screen 100in m1609 silver,0305034,Proseware,3,305,dim_contoso_product,I,
573,Proseware Screen 85in E1010 Silver,proseware screen 85in e1010 silver,0305035,Proseware,3,305,dim_contoso_product,I,
574,Proseware Screen 80in E1010 Silver,proseware screen 80in e1010 silver,0305036,Proseware,3,305,dim_contoso_product,I,
575,Contoso Projector 1080p X980 Black,contoso projector 1080p x980 black,0305037,Contoso,3,305,dim_contoso_product,I,
576,Contoso Projector 1080p X981 Black,contoso projector 1080p x981 black,0305038,Contoso,3,305,dim_contoso_product,I,
577,Contoso Projector 720p M620 Black,contoso projector 720p m620 black,0305039,Contoso,3,305,dim_contoso_product,I,
578,Contoso Projector 720p M621 Black,contoso projector 720p m621 black,0305040,Contoso,3,305,dim_contoso_product,I,
579,Contoso Projector 480p M480 Black,contoso projector 480p m480 black,0305041,Contoso,3,305,dim_contoso_product,I,
580,Contoso Projector 480p M481 Black,contoso projector 480p m481 black,0305042,Contoso,3,305,dim_contoso_product,I,
581,Contoso Screen 125in M250 Black,contoso screen 125in m250 black,0305043,Contoso,3,305,dim_contoso_product,I,
582,Contoso Screen 113in M251 Black,contoso screen 113in m251 black,0305044,Contoso,3,305,dim_contoso_product,I,
583,Contoso Screen 106in M060 Black,contoso screen 106in m060 black,0305045,Contoso,3,305,dim_contoso_product,I,
584,Contoso Screen 100in E010 Black,contoso screen 100in e010 black,0305046,Contoso,3,305,dim_contoso_product,I,
585,Contoso Screen 85in E085 Black,contoso screen 85in e085 black,0305047,Contoso,3,305,dim_contoso_product,I,
586,Contoso Screen 80in E080 Black,contoso screen 80in e080 black,0305048,Contoso,3,305,dim_contoso_product,I,
587,Contoso Projector 1080p X980 White,contoso projector 1080p x980 white,0305049,Contoso,3,305,dim_contoso_product,I,
588,Contoso Projector 1080p X981 White,contoso projector 1080p x981 white,0305050,Contoso,3,305,dim_contoso_product,I,
589,Contoso Projector 720p M620 White,contoso projector 720p m620 white,0305051,Contoso,3,305,dim_contoso_product,I,
590,Contoso Projector 720p M621 White,contoso projector 720p m621 white,0305052,Contoso,3,305,dim_contoso_product,I,
591,Contoso Projector 480p M480 White,contoso projector 480p m480 white,0305053,Contoso,3,305,dim_contoso_product,I,
592,Contoso Projector 480p M481 White,contoso projector 480p m481 white,0305054,Contoso,3,305,dim_contoso_product,I,
593,Contoso Screen 125in M250 White,contoso screen 125in m250 white,0305055,Contoso,3,305,dim_contoso_product,I,
594,Contoso Screen 113in M251 White,contoso screen 113in m251 white,0305056,Contoso,3,305,dim_contoso_product,I,
595,Contoso Screen 106in M060 White,contoso screen 106in m060 white,0305057,Contoso,3,305,dim_contoso_product,I,
596,Contoso Screen 100in E010 White,contoso screen 100in e010 white,0305058,Contoso,3,305,dim_contoso_product,I,
597,Contoso Screen 85in E085 White,contoso screen 85in e085 white,0305059,Contoso,3,305,dim_contoso_product,I,
598,Contoso Screen 80in E080 White,contoso screen 80in e080 white,0305060,Contoso,3,305,dim_contoso_product,I,
599,Contoso Projector 1080p X980 Silver,contoso projector 1080p x980 silver,0305061,Contoso,3,305,dim_contoso_product,I,
600,Contoso Projector 1080p X981 Silver,contoso projector 1080p x981 silver,0305062,Contoso,3,305,dim_contoso_product,I,
601,Contoso Projector 720p M620 Silver,contoso projector 720p m620 silver,0305063,Contoso,3,305,dim_contoso_product,I,
602,Contoso Projector 720p M621 Silver,contoso projector 720p m621 silver,0305064,Contoso,3,305,dim_contoso_product,I,
603,Contoso Projector 480p M480 Silver,contoso projector 480p m480 silver,0305065,Contoso,3,305,dim_contoso_product,I,
604,Contoso Projector 480p M481 Silver,contoso projector 480p m481 silver,0305066,Contoso,3,305,dim_contoso_product,I,
605,Contoso Screen 125in M250 Silver,contoso screen 125in m250 silver,0305067,Contoso,3,305,dim_contoso_product,I,
606,Contoso Screen 113in M251 Silver,contoso screen 113in m251 silver,0305068,Contoso,3,305,dim_contoso_product,I,
607,Contoso Screen 106in M060 Silver,contoso screen 106in m060 silver,0305069,Contoso,3,305,dim_contoso_product,I,
608,Contoso Screen 100in E010 Silver,contoso screen 100in e010 silver,0305070,Contoso,3,305,dim_contoso_product,I,
609,Contoso Screen 85in E085 Silver,contoso screen 85in e085 silver,0305071,Contoso,3,305,dim_contoso_product,I,
610,Contoso Screen 80in E080 Silver,contoso screen 80in e080 silver,0305072,Contoso,3,305,dim_contoso_product,I,
611,WWI Projector 1080p LCD86 Black,wwi projector 1080p lcd86 black,0305073,Wide World Importers,3,305,dim_contoso_product,I,
612,WWI Projector 1080p DLP86 Black,wwi projector 1080p dlp86 black,0305074,Wide World Importers,3,305,dim_contoso_product,I,
613,WWI Projector 720p LCD56 Black,wwi projector 720p lcd56 black,0305075,Wide World Importers,3,305,dim_contoso_product,I,
614,WWI Projector 720p DLP56 Black,wwi projector 720p dlp56 black,0305076,Wide World Importers,3,305,dim_contoso_product,I,
615,WWI Projector 480p LCD12 Black,wwi projector 480p lcd12 black,0305077,Wide World Importers,3,305,dim_contoso_product,I,
616,WWI Projector 480p DLP12 Black,wwi projector 480p dlp12 black,0305078,Wide World Importers,3,305,dim_contoso_product,I,
617,WWI Screen 125in M1611 Black,wwi screen 125in m1611 black,0305079,Wide World Importers,3,305,dim_contoso_product,I,
618,WWI Screen 113in M1610 Black,wwi screen 113in m1610 black,0305080,Wide World Importers,3,305,dim_contoso_product,I,
619,WWI Screen 106in M1609 Black,wwi screen 106in m1609 black,0305081,Wide World Importers,3,305,dim_contoso_product,I,
620,WWI Screen 100in M1609 Black,wwi screen 100in m1609 black,0305082,Wide World Importers,3,305,dim_contoso_product,I,
621,WWI Screen 85in E1010 Black,wwi screen 85in e1010 black,0305083,Wide World Importers,3,305,dim_contoso_product,I,
622,WWI Projector 1080p LCD86 White,wwi projector 1080p lcd86 white,0305084,Wide World Importers,3,305,dim_contoso_product,I,
623,WWI Projector 1080p DLP86 White,wwi projector 1080p dlp86 white,0305085,Wide World Importers,3,305,dim_contoso_product,I,
624,WWI Projector 720p LCD56 White,wwi projector 720p lcd56 white,0305086,Wide World Importers,3,305,dim_contoso_product,I,
625,WWI Projector 720p DLP56 White,wwi projector 720p dlp56 white,0305087,Wide World Importers,3,305,dim_contoso_product,I,
626,WWI Projector 480p LCD12 White,wwi projector 480p lcd12 white,0305088,Wide World Importers,3,305,dim_contoso_product,I,
627,WWI Projector 480p DLP12 White,wwi projector 480p dlp12 white,0305089,Wide World Importers,3,305,dim_contoso_product,I,
628,WWI Screen 125in M1611 White,wwi screen 125in m1611 white,0305090,Wide World Importers,3,305,dim_contoso_product,I,
629,WWI Screen 113in M1610 White,wwi screen 113in m1610 white,0305091,Wide World Importers,3,305,dim_contoso_product,I,
630,WWI Screen 106in M1609 White,wwi screen 106in m1609 white,0305092,Wide World Importers,3,305,dim_contoso_product,I,
631,WWI Screen 100in M1609 White,wwi screen 100in m1609 white,0305093,Wide World Importers,3,305,dim_contoso_product,I,
632,WWI Screen 85in E1010 White,wwi screen 85in e1010 white,0305094,Wide World Importers,3,305,dim_contoso_product,I,
633,WWI Projector 1080p LCD86 Silver,wwi projector 1080p lcd86 silver,0305095,Wide World Importers,3,305,dim_contoso_product,I,
634,WWI Projector 1080p DLP86 Silver,wwi projector 1080p dlp86 silver,0305096,Wide World Importers,3,305,dim_contoso_product,I,
635,WWI Projector 720p LCD56 Silver,wwi projector 720p lcd56 silver,0305097,Wide World Importers,3,305,dim_contoso_product,I,
636,WWI Projector 720p DLP56 Silver,wwi projector 720p dlp56 silver,0305098,Wide World Importers,3,305,dim_contoso_product,I,
637,WWI Projector 480p LCD12 Silver,wwi projector 480p lcd12 silver,0305099,Wide World Importers,3,305,dim_contoso_product,I,
638,WWI Projector 480p DLP12 Silver,wwi projector 480p dlp12 silver,0305100,Wide World Importers,3,305,dim_contoso_product,I,
639,WWI Screen 125in M1611 Silver,wwi screen 125in m1611 silver,0305101,Wide World Importers,3,305,dim_contoso_product,I,
640,WWI Screen 113in M1610 Silver,wwi screen 113in m1610 silver,0305102,Wide World Importers,3,305,dim_contoso_product,I,
641,WWI Screen 106in M1609 Silver,wwi screen 106in m1609 silver,0305103,Wide World Importers,3,305,dim_contoso_product,I,
642,Proseware Photo Ink Jet Printer M100 Black,proseware photo ink jet printer m100 black,0306001,Proseware,3,306,dim_contoso_product,I,
643,Proseware Ink Jet All in one M300 Black,proseware ink jet all in one m300 black,0306002,Proseware,3,306,dim_contoso_product,I,
644,Proseware Laser Jet Printer E100 Black,proseware laser jet printer e100 black,0306003,Proseware,3,306,dim_contoso_product,I,
645,Proseware Laser Jet Color Printer X300 Black,proseware laser jet color printer x300 black,0306004,Proseware,3,306,dim_contoso_product,I,
646,Proseware Laser Jet All in one X300 Black,proseware laser jet all in one x300 black,0306005,Proseware,3,306,dim_contoso_product,I,
647,Proseware Fax phone E100 Black,proseware fax phone e100 black,0306006,Proseware,3,306,dim_contoso_product,I,
648,Proseware Fax Machine E100 Black,proseware fax machine e100 black,0306007,Proseware,3,306,dim_contoso_product,I,
649,Proseware Laser Fax Printer E100 Black,proseware laser fax printer e100 black,0306008,Proseware,3,306,dim_contoso_product,I,
650,Proseware Ink Jet Fax Machine E100 Black,proseware ink jet fax machine e100 black,0306009,Proseware,3,306,dim_contoso_product,I,
651,Proseware Mobile Receipt and Document Scanner M200 Black,proseware mobile receipt and document scanner m200 black,0306010,Proseware,3,306,dim_contoso_product,I,
652,Proseware Scan Jet Digital Flat Bed Scanner M300 Black,proseware scan jet digital flat bed scanner m300 black,0306011,Proseware,3,306,dim_contoso_product,I,
653,Proseware All-In-One Photo Printer M200 Black,proseware all-in-one photo printer m200 black,0306012,Proseware,3,306,dim_contoso_product,I,
654,Proseware Ink Jet Wireless All-In-One Printer M400 Black,proseware ink jet wireless all-in-one printer m400 black,0306013,Proseware,3,306,dim_contoso_product,I,
655,Proseware Ink Jet Instant PDF Sheet-Fed Scanner M300 Black,proseware ink jet instant pdf sheet-fed scanner m300 black,0306014,Proseware,3,306,dim_contoso_product,I,
656,"Proseware Desk Jet All-in-One Printer, Scanner, Copier M350 Black","proseware desk jet all-in-one printer, scanner, copier m350 black",0306015,Proseware,3,306,dim_contoso_product,I,
657,Proseware Duplex Scanner M200 Black,proseware duplex scanner m200 black,0306016,Proseware,3,306,dim_contoso_product,I,
658,Proseware High Speed Laser M2000 Black,proseware high speed laser m2000 black,0306017,Proseware,3,306,dim_contoso_product,I,
659,Proseware Laser Fax Printer M250 Black,proseware laser fax printer m250 black,0306018,Proseware,3,306,dim_contoso_product,I,
660,"Proseware Color Ink Jet Fax, Copier, Phone M250 Black","proseware color ink jet fax, copier, phone m250 black",0306019,Proseware,3,306,dim_contoso_product,I,
661,Proseware Color Inkjet Fax with 5.8 GHz Cordless Handset X250 Black,proseware color inkjet fax with 5.8 ghz cordless handset x250 black,0306020,Proseware,3,306,dim_contoso_product,I,
662,Proseware Slim-Design Fax Machine with Answering System X180 Black,proseware slim-design fax machine with answering system x180 black,0306021,Proseware,3,306,dim_contoso_product,I,
663,Proseware High-Performance Business-Class Laser Fax X200 Black,proseware high-performance business-class laser fax x200 black,0306022,Proseware,3,306,dim_contoso_product,I,
664,Proseware Professional Quality Plain-Paper Fax and Copier X100 Black,proseware professional quality plain-paper fax and copier x100 black,0306023,Proseware,3,306,dim_contoso_product,I,
665,Proseware Photo Inkjet Printer E290 Black,proseware photo inkjet printer e290 black,0306024,Proseware,3,306,dim_contoso_product,I,
666,Proseware Office Jet All-in-One Printer M500 Black,proseware office jet all-in-one printer m500 black,0306025,Proseware,3,306,dim_contoso_product,I,
667,Proseware Office Jet Wireless All-in-One Inkjet Printer M600 Black,proseware office jet wireless all-in-one inkjet printer m600 black,0306026,Proseware,3,306,dim_contoso_product,I,
668,Proseware Photo smart All-in-One Printer M380 Black,proseware photo smart all-in-one printer m380 black,0306027,Proseware,3,306,dim_contoso_product,I,
669,Proseware Wireless Photo All-in-One Printer M390 Black,proseware wireless photo all-in-one printer m390 black,0306028,Proseware,3,306,dim_contoso_product,I,
670,Proseware 23ppm Laser Printer with Wireless and Wired Network Interfaces M680 Black,proseware 23ppm laser printer with wireless and wired network interfaces m680 black,0306029,Proseware,3,306,dim_contoso_product,I,
671,Proseware Photo Inkjet Printer M100 Grey,proseware photo inkjet printer m100 grey,0306030,Proseware,3,306,dim_contoso_product,I,
672,Proseware Ink Jet All in one M300 Grey,proseware ink jet all in one m300 grey,0306031,Proseware,3,306,dim_contoso_product,I,
673,Proseware Laser Jet Printer E100 Grey,proseware laser jet printer e100 grey,0306032,Proseware,3,306,dim_contoso_product,I,
674,Proseware Laser Jet Color Printer X300 Grey,proseware laser jet color printer x300 grey,0306033,Proseware,3,306,dim_contoso_product,I,
675,Proseware Laser Jet All in one X300 Grey,proseware laser jet all in one x300 grey,0306034,Proseware,3,306,dim_contoso_product,I,
676,Proseware Fax phone E100 Grey,proseware fax phone e100 grey,0306035,Proseware,3,306,dim_contoso_product,I,
677,Proseware Fax Machine E100 Grey,proseware fax machine e100 grey,0306036,Proseware,3,306,dim_contoso_product,I,
678,Proseware Laser Fax Printer E100 Grey,proseware laser fax printer e100 grey,0306037,Proseware,3,306,dim_contoso_product,I,
679,Proseware Ink Jet Fax Machine E100 Grey,proseware ink jet fax machine e100 grey,0306038,Proseware,3,306,dim_contoso_product,I,
680,Proseware Mobile Receipt and Document Scanner M200 Grey,proseware mobile receipt and document scanner m200 grey,0306039,Proseware,3,306,dim_contoso_product,I,
681,Proseware Scan Jet Digital Flat Bed Scanner M300 Grey,proseware scan jet digital flat bed scanner m300 grey,0306040,Proseware,3,306,dim_contoso_product,I,
682,Proseware All-In-One Photo Printer M200 Grey,proseware all-in-one photo printer m200 grey,0306041,Proseware,3,306,dim_contoso_product,I,
683,Proseware Ink Jet Wireless All-In-One Printer M400 Grey,proseware ink jet wireless all-in-one printer m400 grey,0306042,Proseware,3,306,dim_contoso_product,I,
684,Proseware Ink Jet Instant PDF Sheet-Fed Scanner M300 Grey,proseware ink jet instant pdf sheet-fed scanner m300 grey,0306043,Proseware,3,306,dim_contoso_product,I,
685,"Proseware Desk Jet All-in-One Printer, Scanner, Copier M350 Grey","proseware desk jet all-in-one printer, scanner, copier m350 grey",0306044,Proseware,3,306,dim_contoso_product,I,
686,Proseware Duplex Scanner M200 Grey,proseware duplex scanner m200 grey,0306045,Proseware,3,306,dim_contoso_product,I,
687,Proseware High Speed Laser Fax M2000 Grey,proseware high speed laser fax m2000 grey,0306046,Proseware,3,306,dim_contoso_product,I,
688,Proseware Laser Fax Printer M250 Grey,proseware laser fax printer m250 grey,0306047,Proseware,3,306,dim_contoso_product,I,
689,"Proseware Color Ink Jet Fax, Copier, Phone M250 Grey","proseware color ink jet fax, copier, phone m250 grey",0306048,Proseware,3,306,dim_contoso_product,I,
690,Proseware Color Ink Jet Fax with 5.8 GHz Cordless Handset X250 Grey,proseware color ink jet fax with 5.8 ghz cordless handset x250 grey,0306049,Proseware,3,306,dim_contoso_product,I,
691,Proseware Slim-Design Fax Machine with Answering System X180 Grey,proseware slim-design fax machine with answering system x180 grey,0306050,Proseware,3,306,dim_contoso_product,I,
692,Proseware High-Performance Business-Class Laser Fax X200 Grey,proseware high-performance business-class laser fax x200 grey,0306051,Proseware,3,306,dim_contoso_product,I,
693,Proseware Professional Quality Plain-Paper Fax and Copier X100 Grey,proseware professional quality plain-paper fax and copier x100 grey,0306052,Proseware,3,306,dim_contoso_product,I,
694,Proseware Photo Ink Jet Printer E290 Grey,proseware photo ink jet printer e290 grey,0306053,Proseware,3,306,dim_contoso_product,I,
695,Proseware Office Jet All-in-One Printer M500 Grey,proseware office jet all-in-one printer m500 grey,0306054,Proseware,3,306,dim_contoso_product,I,
696,Proseware Office Jet Wireless All-in-One Inkjet Printer M600 Grey,proseware office jet wireless all-in-one inkjet printer m600 grey,0306055,Proseware,3,306,dim_contoso_product,I,
697,Proseware Photo Smart All-in-One Printer M380 Grey,proseware photo smart all-in-one printer m380 grey,0306056,Proseware,3,306,dim_contoso_product,I,
698,Proseware Wireless Photo All-in-One Printer M390 Grey,proseware wireless photo all-in-one printer m390 grey,0306057,Proseware,3,306,dim_contoso_product,I,
699,Proseware 23ppm Laser Printer with Wireless and Wired Network Interfaces M680 Grey,proseware 23ppm laser printer with wireless and wired network interfaces m680 grey,0306058,Proseware,3,306,dim_contoso_product,I,
700,Proseware Photo Ink Jet Printer M100 White,proseware photo ink jet printer m100 white,0306059,Proseware,3,306,dim_contoso_product,I,
701,Proseware Ink Jet All in one M300 White,proseware ink jet all in one m300 white,0306060,Proseware,3,306,dim_contoso_product,I,
702,Proseware Laser Jet Printer E100 White,proseware laser jet printer e100 white,0306061,Proseware,3,306,dim_contoso_product,I,
703,Proseware Laser Jet Color Printer X300 White,proseware laser jet color printer x300 white,0306062,Proseware,3,306,dim_contoso_product,I,
704,Proseware Laser Jet All in one X300 White,proseware laser jet all in one x300 white,0306063,Proseware,3,306,dim_contoso_product,I,
705,Proseware Fax Phone E100 White,proseware fax phone e100 white,0306064,Proseware,3,306,dim_contoso_product,I,
706,Proseware Fax Machine E100 White,proseware fax machine e100 white,0306065,Proseware,3,306,dim_contoso_product,I,
707,Proseware Laser Fax Printer E100 White,proseware laser fax printer e100 white,0306066,Proseware,3,306,dim_contoso_product,I,
708,Proseware Ink Jet Fax Machine E100 White,proseware ink jet fax machine e100 white,0306067,Proseware,3,306,dim_contoso_product,I,
709,Proseware Mobile Receipt and Document Scanner M200 White,proseware mobile receipt and document scanner m200 white,0306068,Proseware,3,306,dim_contoso_product,I,
710,Proseware Scan Jet Digital Flat Bed Scanner M300 White,proseware scan jet digital flat bed scanner m300 white,0306069,Proseware,3,306,dim_contoso_product,I,
711,Proseware All-In-One Photo Printer M200 White,proseware all-in-one photo printer m200 white,0306070,Proseware,3,306,dim_contoso_product,I,
712,Proseware Ink Jet Wireless All-In-One Printer M400 White,proseware ink jet wireless all-in-one printer m400 white,0306071,Proseware,3,306,dim_contoso_product,I,
713,Proseware Ink Jet Instant PDF Sheet-Fed Scanner M300 White,proseware ink jet instant pdf sheet-fed scanner m300 white,0306072,Proseware,3,306,dim_contoso_product,I,
714,"Proseware Desk Jet All-in-One Printer, Scanner, Copier M350 White","proseware desk jet all-in-one printer, scanner, copier m350 white",0306073,Proseware,3,306,dim_contoso_product,I,
715,Proseware Duplex Scanner M200 White,proseware duplex scanner m200 white,0306074,Proseware,3,306,dim_contoso_product,I,
716,Proseware High Speed Laser M2000 White,proseware high speed laser m2000 white,0306075,Proseware,3,306,dim_contoso_product,I,
717,Proseware Laser Fax Printer M250 White,proseware laser fax printer m250 white,0306076,Proseware,3,306,dim_contoso_product,I,
718,"Proseware Color Ink jet Fax, Copier, Phone M250 White","proseware color ink jet fax, copier, phone m250 white",0306077,Proseware,3,306,dim_contoso_product,I,
719,Proseware Color Ink Jet Fax with 5.8 GHz Cordless Handset X250 White,proseware color ink jet fax with 5.8 ghz cordless handset x250 white,0306078,Proseware,3,306,dim_contoso_product,I,
720,Proseware Slim-Design Fax Machine with Answering System X180 White,proseware slim-design fax machine with answering system x180 white,0306079,Proseware,3,306,dim_contoso_product,I,
721,Proseware High-Performance Business-Class Laser Fax X200 White,proseware high-performance business-class laser fax x200 white,0306080,Proseware,3,306,dim_contoso_product,I,
722,Proseware Professional Quality Plain-Paper Fax and Copier X100 White,proseware professional quality plain-paper fax and copier x100 white,0306081,Proseware,3,306,dim_contoso_product,I,
723,Proseware Photo Ink jet Printer E290 White,proseware photo ink jet printer e290 white,0306082,Proseware,3,306,dim_contoso_product,I,
724,Proseware Office Jet All-in-One Printer M500 White,proseware office jet all-in-one printer m500 white,0306083,Proseware,3,306,dim_contoso_product,I,
725,Proseware Office Jet Wireless All-in-One Inkjet Printer M600 White,proseware office jet wireless all-in-one inkjet printer m600 white,0306084,Proseware,3,306,dim_contoso_product,I,
726,Proseware Photo Smart All-in-One Printer M380 White,proseware photo smart all-in-one printer m380 white,0306085,Proseware,3,306,dim_contoso_product,I,
727,Proseware Wireless Photo All-in-One Printer M390 White,proseware wireless photo all-in-one printer m390 white,0306086,Proseware,3,306,dim_contoso_product,I,
728,Proseware 23ppm Laser Printer with Wireless and Wired Network Interfaces M680 White,proseware 23ppm laser printer with wireless and wired network interfaces m680 white,0306087,Proseware,3,306,dim_contoso_product,I,
729,Proseware Scan Jet Digital Flat Bed Scanner M300 Green,proseware scan jet digital flat bed scanner m300 green,0306088,Proseware,3,306,dim_contoso_product,I,
730,Proseware All-In-One Photo Printer M200 Green,proseware all-in-one photo printer m200 green,0306089,Proseware,3,306,dim_contoso_product,I,
731,Proseware Ink Jet Wireless All-In-One Printer M400 Green,proseware ink jet wireless all-in-one printer m400 green,0306090,Proseware,3,306,dim_contoso_product,I,
732,Proseware Ink Jet Instant PDF Sheet-Fed Scanner M300 Green,proseware ink jet instant pdf sheet-fed scanner m300 green,0306091,Proseware,3,306,dim_contoso_product,I,
733,"Proseware Desk Jet All-in-One Printer, Scanner, Copier M350 Green","proseware desk jet all-in-one printer, scanner, copier m350 green",0306092,Proseware,3,306,dim_contoso_product,I,
734,Proseware Duplex Scanner M200 Green,proseware duplex scanner m200 green,0306093,Proseware,3,306,dim_contoso_product,I,
735,Proseware High Speed Laser M2000 Green,proseware high speed laser m2000 green,0306094,Proseware,3,306,dim_contoso_product,I,
736,Proseware Laser Fax Printer M250 Green,proseware laser fax printer m250 green,0306095,Proseware,3,306,dim_contoso_product,I,
737,"Proseware Color Ink Jet Fax, Copier, Phone M250 Green","proseware color ink jet fax, copier, phone m250 green",0306096,Proseware,3,306,dim_contoso_product,I,
738,Proseware Color Ink Jet Fax with 5.8 GHz Cordless Handset X250 Green,proseware color ink jet fax with 5.8 ghz cordless handset x250 green,0306097,Proseware,3,306,dim_contoso_product,I,
739,Proseware Slim-Design Fax Machine with Answering System X180 Green,proseware slim-design fax machine with answering system x180 green,0306098,Proseware,3,306,dim_contoso_product,I,
740,Proseware High-Performance Business-Class Laser Fax X200 Green,proseware high-performance business-class laser fax x200 green,0306099,Proseware,3,306,dim_contoso_product,I,
741,Proseware Professional Quality Plain-Paper Fax and Copier X100 Green,proseware professional quality plain-paper fax and copier x100 green,0306100,Proseware,3,306,dim_contoso_product,I,
742,Proseware Photo Inkjet Printer E290 Green,proseware photo inkjet printer e290 green,0306101,Proseware,3,306,dim_contoso_product,I,
743,Contoso Rechargeable Battery E100 Black,contoso rechargeable battery e100 black,0308001,Contoso,3,308,dim_contoso_product,I,
744,Contoso Dual USB Power Adapter - power adapter E300 Black,contoso dual usb power adapter - power adapter e300 black,0308002,Contoso,3,308,dim_contoso_product,I,
745,Contoso Car power adapter M90 Black,contoso car power adapter m90 black,0308003,Contoso,3,308,dim_contoso_product,I,
746,Contoso Notebook Peripheral Kit M69 Black,contoso notebook peripheral kit m69 black,0308004,Contoso,3,308,dim_contoso_product,I,
747,Contoso Mouse Lock Bundle E200 Black,contoso mouse lock bundle e200 black,0308005,Contoso,3,308,dim_contoso_product,I,
748,Contoso Education Supplies Bundle E200 Black,contoso education supplies bundle e200 black,0308006,Contoso,3,308,dim_contoso_product,I,
749,Contoso Laptop Starter Bundle M200 Black,contoso laptop starter bundle m200 black,0308007,Contoso,3,308,dim_contoso_product,I,
750,Contoso Education Essentials Bundle M300 Black,contoso education essentials bundle m300 black,0308008,Contoso,3,308,dim_contoso_product,I,
751,Contoso Desktop Alternative Bundle E200 Black,contoso desktop alternative bundle e200 black,0308009,Contoso,3,308,dim_contoso_product,I,
752,Contoso Power Inverter - DC to AC power inverter E900 Black,contoso power inverter - dc to ac power inverter e900 black,0308010,Contoso,3,308,dim_contoso_product,I,
753,Contoso Smart Battery M901 Black,contoso smart battery m901 black,0308011,Contoso,3,308,dim_contoso_product,I,
754,Contoso Laptop Cooling Hub notebook fan with 4 ports USB hub E80 Black,contoso laptop cooling hub notebook fan with 4 ports usb hub e80 black,0308012,Contoso,3,308,dim_contoso_product,I,
755,Contoso Home/Office Laptop Power Adapter E300 Black,contoso home/office laptop power adapter e300 black,0308013,Contoso,3,308,dim_contoso_product,I,
756,Contoso USB 2.0 Dock Station docking station M800 Black,contoso usb 2.0 dock station docking station m800 black,0308014,Contoso,3,308,dim_contoso_product,I,
757,Contoso Enhanced Capacity Battery M800 Black,contoso enhanced capacity battery m800 black,0308015,Contoso,3,308,dim_contoso_product,I,
758,Contoso Connectivity Starter Kit Smart Buy M680 Black,contoso connectivity starter kit smart buy m680 black,0308016,Contoso,3,308,dim_contoso_product,I,
759,Contoso 90W AC/DC Power Adapter E300 Black,contoso 90w ac/dc power adapter e300 black,0308017,Contoso,3,308,dim_contoso_product,I,
760,Contoso Reserve Pen - Tablet Pen E200 Black,contoso reserve pen - tablet pen e200 black,0308018,Contoso,3,308,dim_contoso_product,I,
761,Contoso USB Data Link-direct connect adapter E600 Black,contoso usb data link-direct connect adapter e600 black,0308019,Contoso,3,308,dim_contoso_product,I,
762,Contoso Primary Extended Capacity Battery Pack - notebook battery X100 Black,contoso primary extended capacity battery pack - notebook battery x100 black,0308020,Contoso,3,308,dim_contoso_product,I,
763,Contoso Digital camera accessory kit M200 Black,contoso digital camera accessory kit m200 black,0308021,Contoso,3,308,dim_contoso_product,I,
764,Contoso Leather Case - case for digital photo camera X20 Black,contoso leather case - case for digital photo camera x20 black,0308022,Contoso,3,308,dim_contoso_product,I,
765,Contoso Lens cap E80 Black,contoso lens cap e80 black,0308023,Contoso,3,308,dim_contoso_product,I,
766,Contoso Battery charger - bike E200 Black,contoso battery charger - bike e200 black,0308024,Contoso,3,308,dim_contoso_product,I,
767,Contoso USB Optical Mouse E200 Black,contoso usb optical mouse e200 black,0308025,Contoso,3,308,dim_contoso_product,I,
768,Contoso ADSL Modem Splitter/Filter X 1 E100 Black,contoso adsl modem splitter/filter x 1 e100 black,0308026,Contoso,3,308,dim_contoso_product,I,
769,Contoso ADSL Modem Splitter/Filter X 2 E200 Black,contoso adsl modem splitter/filter x 2 e200 black,0308027,Contoso,3,308,dim_contoso_product,I,
770,Contoso ADSL Modem Splitter/Filter X 3 E300 Black,contoso adsl modem splitter/filter x 3 e300 black,0308028,Contoso,3,308,dim_contoso_product,I,
771,Contoso USB Wave Multi-media Keyboard E280 Black,contoso usb wave multi-media keyboard e280 black,0308029,Contoso,3,308,dim_contoso_product,I,
772,Contoso Cables To Go USB 2.0 Hard Drive Enclosure E920 Black,contoso cables to go usb 2.0 hard drive enclosure e920 black,0308030,Contoso,3,308,dim_contoso_product,I,
773,Contoso USB Wave Multi-media Keyboard E280 Blue,contoso usb wave multi-media keyboard e280 blue,0308031,Contoso,3,308,dim_contoso_product,I,
774,Contoso USB Optical Mouse E200 Blue,contoso usb optical mouse e200 blue,0308032,Contoso,3,308,dim_contoso_product,I,
775,Contoso Smart Battery M901 Blue,contoso smart battery m901 blue,0308033,Contoso,3,308,dim_contoso_product,I,
776,Contoso Digital Camera Accessory kit M200 Blue,contoso digital camera accessory kit m200 blue,0308034,Contoso,3,308,dim_contoso_product,I,
777,Contoso Reserve Pen -Tablet Pen E200 Blue,contoso reserve pen -tablet pen e200 blue,0308035,Contoso,3,308,dim_contoso_product,I,
778,Contoso Rechargeable Battery E100 White,contoso rechargeable battery e100 white,0308036,Contoso,3,308,dim_contoso_product,I,
779,Contoso Dual USB Power Adapter - power adapter E300 White,contoso dual usb power adapter - power adapter e300 white,0308037,Contoso,3,308,dim_contoso_product,I,
780,Contoso Car power adapter M90 White,contoso car power adapter m90 white,0308038,Contoso,3,308,dim_contoso_product,I,
781,Contoso Notebook Peripheral Kit M69 White,contoso notebook peripheral kit m69 white,0308039,Contoso,3,308,dim_contoso_product,I,
782,Contoso Mouse Lock Bundle E200 White,contoso mouse lock bundle e200 white,0308040,Contoso,3,308,dim_contoso_product,I,
783,Contoso Education Supplies Bundle E200 White,contoso education supplies bundle e200 white,0308041,Contoso,3,308,dim_contoso_product,I,
784,Contoso Laptop Starter Bundle M200 White,contoso laptop starter bundle m200 white,0308042,Contoso,3,308,dim_contoso_product,I,
785,Contoso Education Essentials Bundle M300 White,contoso education essentials bundle m300 white,0308043,Contoso,3,308,dim_contoso_product,I,
786,Contoso Desktop Alternative Bundle E200 White,contoso desktop alternative bundle e200 white,0308044,Contoso,3,308,dim_contoso_product,I,
787,Contoso Power Inverter - DC to AC power inverter E900 White,contoso power inverter - dc to ac power inverter e900 white,0308045,Contoso,3,308,dim_contoso_product,I,
788,Contoso Smart Battery M901 White,contoso smart battery m901 white,0308046,Contoso,3,308,dim_contoso_product,I,
789,Contoso Laptop Cooling Hub notebook fan with 4 ports USB hub E80 White,contoso laptop cooling hub notebook fan with 4 ports usb hub e80 white,0308047,Contoso,3,308,dim_contoso_product,I,
790,Contoso Home/Office Laptop Power Adapter E300 White,contoso home/office laptop power adapter e300 white,0308048,Contoso,3,308,dim_contoso_product,I,
791,Contoso USB 2.0 Dock Station docking station M800 White,contoso usb 2.0 dock station docking station m800 white,0308049,Contoso,3,308,dim_contoso_product,I,
792,Contoso Enhanced Capacity Battery M800 White,contoso enhanced capacity battery m800 white,0308050,Contoso,3,308,dim_contoso_product,I,
793,Contoso Connectivity Starter Kit Smart Buy M680 White,contoso connectivity starter kit smart buy m680 white,0308051,Contoso,3,308,dim_contoso_product,I,
794,Contoso 90W AC/DC Power Adapter E300 White,contoso 90w ac/dc power adapter e300 white,0308052,Contoso,3,308,dim_contoso_product,I,
795,Contoso Reserve Pen - Tablet Pen E200 White,contoso reserve pen - tablet pen e200 white,0308053,Contoso,3,308,dim_contoso_product,I,
796,Contoso USB Data Link - direct connect adapter E600 White,contoso usb data link - direct connect adapter e600 white,0308054,Contoso,3,308,dim_contoso_product,I,
797,Contoso Primary Extended Capacity Battery Pack - notebook battery X100 White,contoso primary extended capacity battery pack - notebook battery x100 white,0308055,Contoso,3,308,dim_contoso_product,I,
798,Contoso Digital camera accessory kit M200 White,contoso digital camera accessory kit m200 white,0308056,Contoso,3,308,dim_contoso_product,I,
799,Contoso Leather Case - case for digital photo camera X20 White,contoso leather case - case for digital photo camera x20 white,0308057,Contoso,3,308,dim_contoso_product,I,
800,Contoso Lens cap E80 White,contoso lens cap e80 white,0308058,Contoso,3,308,dim_contoso_product,I,
801,Contoso Battery charger - bike E200 White,contoso battery charger - bike e200 white,0308059,Contoso,3,308,dim_contoso_product,I,
802,Contoso USB Optical Mouse E200 White,contoso usb optical mouse e200 white,0308060,Contoso,3,308,dim_contoso_product,I,
803,Contoso ADSL Modem Splitter/Filter X 1 E100 White,contoso adsl modem splitter/filter x 1 e100 white,0308061,Contoso,3,308,dim_contoso_product,I,
804,Contoso ADSL Modem Splitter/Filter X 2 E200 White,contoso adsl modem splitter/filter x 2 e200 white,0308062,Contoso,3,308,dim_contoso_product,I,
805,Contoso ADSL Modem Splitter/Filter X 3 E300 White,contoso adsl modem splitter/filter x 3 e300 white,0308063,Contoso,3,308,dim_contoso_product,I,
806,Contoso USB Wave Multi-media Keyboard E280 White,contoso usb wave multi-media keyboard e280 white,0308064,Contoso,3,308,dim_contoso_product,I,
807,Contoso Cables To Go USB 2.0 Hard Drive Enclosure E920 White,contoso cables to go usb 2.0 hard drive enclosure e920 white,0308065,Contoso,3,308,dim_contoso_product,I,
808,Contoso Rechargeable Battery E100 Grey,contoso rechargeable battery e100 grey,0308066,Contoso,3,308,dim_contoso_product,I,
809,Contoso Dual USB Power Adapter - power adapter E300 Grey,contoso dual usb power adapter - power adapter e300 grey,0308067,Contoso,3,308,dim_contoso_product,I,
810,Contoso Car power adapter M90 Grey,contoso car power adapter m90 grey,0308068,Contoso,3,308,dim_contoso_product,I,
811,Contoso Notebook Peripheral Kit M69 Grey,contoso notebook peripheral kit m69 grey,0308069,Contoso,3,308,dim_contoso_product,I,
812,Contoso Mouse Lock Bundle E200 Grey,contoso mouse lock bundle e200 grey,0308070,Contoso,3,308,dim_contoso_product,I,
813,Contoso Education Supplies Bundle E200 Grey,contoso education supplies bundle e200 grey,0308071,Contoso,3,308,dim_contoso_product,I,
814,Contoso Laptop Starter Bundle M200 Grey,contoso laptop starter bundle m200 grey,0308072,Contoso,3,308,dim_contoso_product,I,
815,Contoso Education Essentials Bundle M300 Grey,contoso education essentials bundle m300 grey,0308073,Contoso,3,308,dim_contoso_product,I,
816,Contoso Desktop Alternative Bundle E200 Grey,contoso desktop alternative bundle e200 grey,0308074,Contoso,3,308,dim_contoso_product,I,
817,Contoso Power Inverter - DC to AC power inverter E900 Grey,contoso power inverter - dc to ac power inverter e900 grey,0308075,Contoso,3,308,dim_contoso_product,I,
818,Contoso Smart Battery M901 Grey,contoso smart battery m901 grey,0308076,Contoso,3,308,dim_contoso_product,I,
819,Contoso Laptop Cooling Hub notebook fan with 4 ports USB hub E80 Grey,contoso laptop cooling hub notebook fan with 4 ports usb hub e80 grey,0308077,Contoso,3,308,dim_contoso_product,I,
820,Contoso Home/Office Laptop Power Adapter E300 Grey,contoso home/office laptop power adapter e300 grey,0308078,Contoso,3,308,dim_contoso_product,I,
821,Contoso USB 2.0 Dock Station docking station M800 Grey,contoso usb 2.0 dock station docking station m800 grey,0308079,Contoso,3,308,dim_contoso_product,I,
822,Contoso Enhanced Capacity Battery M800 Grey,contoso enhanced capacity battery m800 grey,0308080,Contoso,3,308,dim_contoso_product,I,
823,Contoso Connectivity Starter Kit Smart Buy M680 Grey,contoso connectivity starter kit smart buy m680 grey,0308081,Contoso,3,308,dim_contoso_product,I,
824,Contoso 90W AC/DC Power Adapter E300 Grey,contoso 90w ac/dc power adapter e300 grey,0308082,Contoso,3,308,dim_contoso_product,I,
825,Contoso Reserve Pen - Tablet Pen E200 Grey,contoso reserve pen - tablet pen e200 grey,0308083,Contoso,3,308,dim_contoso_product,I,
826,Contoso USB Data Link - direct connect adapter E600 Grey,contoso usb data link - direct connect adapter e600 grey,0308084,Contoso,3,308,dim_contoso_product,I,
827,Contoso Primary Extended Capacity Battery Pack - notebook battery X100 Grey,contoso primary extended capacity battery pack - notebook battery x100 grey,0308085,Contoso,3,308,dim_contoso_product,I,
828,Contoso Digital camera accessory kit M200 Grey,contoso digital camera accessory kit m200 grey,0308086,Contoso,3,308,dim_contoso_product,I,
829,Contoso Leather Case - case for digital photo camera X20 Grey,contoso leather case - case for digital photo camera x20 grey,0308087,Contoso,3,308,dim_contoso_product,I,
830,Contoso Lens cap E80 Grey,contoso lens cap e80 grey,0308088,Contoso,3,308,dim_contoso_product,I,
831,Contoso Battery charger - bike E200 Grey,contoso battery charger - bike e200 grey,0308089,Contoso,3,308,dim_contoso_product,I,
832,Contoso USB Optical Mouse E200 Grey,contoso usb optical mouse e200 grey,0308090,Contoso,3,308,dim_contoso_product,I,
833,Contoso ADSL Modem Splitter/Filter X 1 E100 Grey,contoso adsl modem splitter/filter x 1 e100 grey,0308091,Contoso,3,308,dim_contoso_product,I,
834,Contoso ADSL Modem Splitter/Filter X 2 E200 Grey,contoso adsl modem splitter/filter x 2 e200 grey,0308092,Contoso,3,308,dim_contoso_product,I,
835,Contoso ADSL Modem Splitter/Filter X 3 E300 Grey,contoso adsl modem splitter/filter x 3 e300 grey,0308093,Contoso,3,308,dim_contoso_product,I,
836,Contoso USB Wave Multi-Media Keyboard E280 Grey,contoso usb wave multi-media keyboard e280 grey,0308094,Contoso,3,308,dim_contoso_product,I,
837,Contoso Cables To Go USB 2.0 Hard Drive Enclosure E920 Grey,contoso cables to go usb 2.0 hard drive enclosure e920 grey,0308095,Contoso,3,308,dim_contoso_product,I,
838,Contoso USB Optical Mouse E200 Gold,contoso usb optical mouse e200 gold,0308096,Contoso,3,308,dim_contoso_product,I,
839,Contoso USB Wave Multi-Media Keyboard M901 Gold,contoso usb wave multi-media keyboard m901 gold,0308097,Contoso,3,308,dim_contoso_product,I,
840,Contoso Laptop Cooling Hub notebook fan with 4 ports USB hub M200 Gold,contoso laptop cooling hub notebook fan with 4 ports usb hub m200 gold,0308098,Contoso,3,308,dim_contoso_product,I,
841,Contoso Reserve Pen - Tablet Pen E200 Gold,contoso reserve pen - tablet pen e200 gold,0308099,Contoso,3,308,dim_contoso_product,I,
842,Contoso Bright Light battery E20 Black,contoso bright light battery e20 black,0308100,Contoso,3,308,dim_contoso_product,I,
843,Contoso Bright Light battery E20 blue,contoso bright light battery e20 blue,0308101,Contoso,3,308,dim_contoso_product,I,
844,Contoso Bright Light battery E20 Pink,contoso bright light battery e20 pink,0308102,Contoso,3,308,dim_contoso_product,I,
845,Contoso Bright Light battery E20 White,contoso bright light battery e20 white,0308103,Contoso,3,308,dim_contoso_product,I,
846,Contoso Ultraportable Neoprene Sleeve E30 Black,contoso ultraportable neoprene sleeve e30 black,0308104,Contoso,3,308,dim_contoso_product,I,
847,Contoso Ultraportable Neoprene Sleeve E30 Pink,contoso ultraportable neoprene sleeve e30 pink,0308105,Contoso,3,308,dim_contoso_product,I,
848,Contoso Ultraportable Neoprene Sleeve E30 Yellow,contoso ultraportable neoprene sleeve e30 yellow,0308106,Contoso,3,308,dim_contoso_product,I,
849,Contoso Ultraportable Neoprene Sleeve E30 Green,contoso ultraportable neoprene sleeve e30 green,0308107,Contoso,3,308,dim_contoso_product,I,
850,Contoso Laptop Keyboard X105 Black,contoso laptop keyboard x105 black,0308108,Contoso,3,308,dim_contoso_product,I,
851,Contoso Laptop Keyboard X105 White,contoso laptop keyboard x105 white,0308109,Contoso,3,308,dim_contoso_product,I,
852,Contoso Laptop Keyboard X105 Brown,contoso laptop keyboard x105 brown,0308110,Contoso,3,308,dim_contoso_product,I,
853,Contoso Laptop Keyboard X105 Silver,contoso laptop keyboard x105 silver,0308111,Contoso,3,308,dim_contoso_product,I,
854,Contoso Multimedia Speakers M25 Brown,contoso multimedia speakers m25 brown,0308112,Contoso,3,308,dim_contoso_product,I,
855,Contoso Multimedia Speakers M25 Blue,contoso multimedia speakers m25 blue,0308113,Contoso,3,308,dim_contoso_product,I,
856,Contoso Multimedia Speakers M25 Black,contoso multimedia speakers m25 black,0308114,Contoso,3,308,dim_contoso_product,I,
857,Contoso Multimedia Speakers M25 White,contoso multimedia speakers m25 white,0308115,Contoso,3,308,dim_contoso_product,I,
858,Contoso Wireless Notebook Optical Mouse M35 Black,contoso wireless notebook optical mouse m35 black,0308116,Contoso,3,308,dim_contoso_product,I,
859,Contoso Wireless Notebook Optical Mouse M35 White,contoso wireless notebook optical mouse m35 white,0308117,Contoso,3,308,dim_contoso_product,I,
860,Contoso Wireless Notebook Optical Mouse M35 Blue,contoso wireless notebook optical mouse m35 blue,0308118,Contoso,3,308,dim_contoso_product,I,
861,Contoso Wireless Notebook Optical Mouse M35 Silver,contoso wireless notebook optical mouse m35 silver,0308119,Contoso,3,308,dim_contoso_product,I,
862,Contoso Wireless Notebook Optical Mouse M35 Orange,contoso wireless notebook optical mouse m35 orange,0308120,Contoso,3,308,dim_contoso_product,I,
863,Contoso Optical USB Mouse M45 Black,contoso optical usb mouse m45 black,0308121,Contoso,3,308,dim_contoso_product,I,
864,Contoso Optical USB Mouse M45 White,contoso optical usb mouse m45 white,0308122,Contoso,3,308,dim_contoso_product,I,
865,Contoso Optical USB Mouse M45 Grey,contoso optical usb mouse m45 grey,0308123,Contoso,3,308,dim_contoso_product,I,
866,Contoso Wireless Laser Mouse M55 Black,contoso wireless laser mouse m55 black,0308124,Contoso,3,308,dim_contoso_product,I,
867,Contoso Wireless Laser Mouse M55 White,contoso wireless laser mouse m55 white,0308125,Contoso,3,308,dim_contoso_product,I,
868,Contoso Wireless Laser Mouse M55 Grey,contoso wireless laser mouse m55 grey,0308126,Contoso,3,308,dim_contoso_product,I,
869,Contoso Wireless Laser Mouse M55 Silver,contoso wireless laser mouse m55 silver,0308127,Contoso,3,308,dim_contoso_product,I,
870,Contoso Wireless Laser Mouse E50 Black,contoso wireless laser mouse e50 black,0308128,Contoso,3,308,dim_contoso_product,I,
871,Contoso Wireless Laser Mouse E50 White,contoso wireless laser mouse e50 white,0308129,Contoso,3,308,dim_contoso_product,I,
872,Contoso Wireless Laser Mouse E50 Silver,contoso wireless laser mouse e50 silver,0308130,Contoso,3,308,dim_contoso_product,I,
873,Contoso Wireless Laser Mouse E50 Grey,contoso wireless laser mouse e50 grey,0308131,Contoso,3,308,dim_contoso_product,I,
874,Contoso Wireless Notebook Optical Mouse X205 Black,contoso wireless notebook optical mouse x205 black,0308132,Contoso,3,308,dim_contoso_product,I,
875,Contoso Wireless Notebook Optical Mouse X205 White,contoso wireless notebook optical mouse x205 white,0308133,Contoso,3,308,dim_contoso_product,I,
876,Contoso Wireless Notebook Optical Mouse X205 Blue,contoso wireless notebook optical mouse x205 blue,0308134,Contoso,3,308,dim_contoso_product,I,
877,Contoso Wireless Notebook Optical Mouse X205 Silver,contoso wireless notebook optical mouse x205 silver,0308135,Contoso,3,308,dim_contoso_product,I,
878,Contoso Wireless Notebook Optical Mouse X205 Orange,contoso wireless notebook optical mouse x205 orange,0308136,Contoso,3,308,dim_contoso_product,I,
879,Contoso Optical Wheel OEM PS/2 Mouse E60 Grey,contoso optical wheel oem ps/2 mouse e60 grey,0308137,Contoso,3,308,dim_contoso_product,I,
880,Contoso Optical Wheel OEM PS/2 Mouse E60 Black,contoso optical wheel oem ps/2 mouse e60 black,0308138,Contoso,3,308,dim_contoso_product,I,
881,Contoso Optical Wheel OEM PS/2 Mouse E60 White,contoso optical wheel oem ps/2 mouse e60 white,0308139,Contoso,3,308,dim_contoso_product,I,
882,Contoso Optical Wheel OEM PS/2 Mouse E60 Silver,contoso optical wheel oem ps/2 mouse e60 silver,0308140,Contoso,3,308,dim_contoso_product,I,
883,Contoso Bluetooth Notebook Mouse X305 Black,contoso bluetooth notebook mouse x305 black,0308141,Contoso,3,308,dim_contoso_product,I,
884,Contoso Bluetooth Notebook Mouse X305 White,contoso bluetooth notebook mouse x305 white,0308142,Contoso,3,308,dim_contoso_product,I,
885,Contoso Bluetooth Notebook Mouse X305 Silver,contoso bluetooth notebook mouse x305 silver,0308143,Contoso,3,308,dim_contoso_product,I,
886,Contoso Bluetooth Notebook Mouse X305 Grey,contoso bluetooth notebook mouse x305 grey,0308144,Contoso,3,308,dim_contoso_product,I,
887,Contoso Bluetooth Notebook Mouse E70 Black,contoso bluetooth notebook mouse e70 black,0308145,Contoso,3,308,dim_contoso_product,I,
888,Contoso Bluetooth Notebook Mouse E70 White,contoso bluetooth notebook mouse e70 white,0308146,Contoso,3,308,dim_contoso_product,I,
889,Contoso Bluetooth Notebook Mouse E70 Silver,contoso bluetooth notebook mouse e70 silver,0308147,Contoso,3,308,dim_contoso_product,I,
890,Contoso Bluetooth Notebook Mouse E70 Grey,contoso bluetooth notebook mouse e70 grey,0308148,Contoso,3,308,dim_contoso_product,I,
891,SV Rechargeable Bluetooth Notebook Mouse E80 Silver,sv rechargeable bluetooth notebook mouse e80 silver,0308149,Southridge Video,3,308,dim_contoso_product,I,
892,SV Rechargeable Bluetooth Notebook Mouse E80 Black,sv rechargeable bluetooth notebook mouse e80 black,0308150,Southridge Video,3,308,dim_contoso_product,I,
893,SV Rechargeable Bluetooth Notebook Mouse E80 White,sv rechargeable bluetooth notebook mouse e80 white,0308151,Southridge Video,3,308,dim_contoso_product,I,
894,SV Rechargeable Bluetooth Notebook Mouse E80 Grey,sv rechargeable bluetooth notebook mouse e80 grey,0308152,Southridge Video,3,308,dim_contoso_product,I,
895,SV Keyboard E90 Silver,sv keyboard e90 silver,0308153,Southridge Video,3,308,dim_contoso_product,I,
896,SV Keyboard E90 White,sv keyboard e90 white,0308154,Southridge Video,3,308,dim_contoso_product,I,
897,SV Keyboard E90 Black,sv keyboard e90 black,0308155,Southridge Video,3,308,dim_contoso_product,I,
898,SV Keyboard E90 Grey,sv keyboard e90 grey,0308156,Southridge Video,3,308,dim_contoso_product,I,
899,SV Keyboard E10 Silver,sv keyboard e10 silver,0308157,Southridge Video,3,308,dim_contoso_product,I,
900,SV Keyboard E10 White,sv keyboard e10 white,0308158,Southridge Video,3,308,dim_contoso_product,I,
901,SV Keyboard E10 Black,sv keyboard e10 black,0308159,Southridge Video,3,308,dim_contoso_product,I,
902,SV Keyboard E10 Grey,sv keyboard e10 grey,0308160,Southridge Video,3,308,dim_contoso_product,I,
903,SV 40GB USB2.0 Portable Hard Disk E400 Red,sv 40gb usb2.0 portable hard disk e400 red,0308161,Southridge Video,3,308,dim_contoso_product,I,
904,SV 40GB USB2.0 Portable Hard Disk E400 Silver,sv 40gb usb2.0 portable hard disk e400 silver,0308162,Southridge Video,3,308,dim_contoso_product,I,
905,SV 40GB USB2.0 Portable Hard Disk E400 Blue,sv 40gb usb2.0 portable hard disk e400 blue,0308163,Southridge Video,3,308,dim_contoso_product,I,
906,SV 40GB USB2.0 Portable Hard Disk E400 Yellow,sv 40gb usb2.0 portable hard disk e400 yellow,0308164,Southridge Video,3,308,dim_contoso_product,I,
907,SV 80GB USB2.0 Portable Hard Disk E500 Red,sv 80gb usb2.0 portable hard disk e500 red,0308165,Southridge Video,3,308,dim_contoso_product,I,
908,SV 80GB USB2.0 Portable Hard Disk E500 Silver,sv 80gb usb2.0 portable hard disk e500 silver,0308166,Southridge Video,3,308,dim_contoso_product,I,
909,SV 80GB USB2.0 Portable Hard Disk E500 Blue,sv 80gb usb2.0 portable hard disk e500 blue,0308167,Southridge Video,3,308,dim_contoso_product,I,
910,SV 80GB USB2.0 Portable Hard Disk E500 Yellow,sv 80gb usb2.0 portable hard disk e500 yellow,0308168,Southridge Video,3,308,dim_contoso_product,I,
911,SV 160GB USB2.0 Portable Hard Disk M65 Silver,sv 160gb usb2.0 portable hard disk m65 silver,0308169,Southridge Video,3,308,dim_contoso_product,I,
912,SV 160GB USB2.0 Portable Hard Disk M65 Black,sv 160gb usb2.0 portable hard disk m65 black,0308170,Southridge Video,3,308,dim_contoso_product,I,
913,SV 160GB USB2.0 Portable Hard Disk M65 White,sv 160gb usb2.0 portable hard disk m65 white,0308171,Southridge Video,3,308,dim_contoso_product,I,
914,SV 160GB USB2.0 Portable Hard Disk M65 Grey,sv 160gb usb2.0 portable hard disk m65 grey,0308172,Southridge Video,3,308,dim_contoso_product,I,
915,SV 500GB USB 2.0 Portable External Hard Drive X405 Pink,sv 500gb usb 2.0 portable external hard drive x405 pink,0308173,Southridge Video,3,308,dim_contoso_product,I,
916,SV 500GB USB 2.0 Portable External Hard Drive X405 Blue,sv 500gb usb 2.0 portable external hard drive x405 blue,0308174,Southridge Video,3,308,dim_contoso_product,I,
917,SV 500GB USB 2.0 Portable External Hard Drive X405 White,sv 500gb usb 2.0 portable external hard drive x405 white,0308175,Southridge Video,3,308,dim_contoso_product,I,
918,SV 500GB USB 2.0 Portable External Hard Drive X405 Black,sv 500gb usb 2.0 portable external hard drive x405 black,0308176,Southridge Video,3,308,dim_contoso_product,I,
919,SV USB Data Cable E600 Pink,sv usb data cable e600 pink,0308177,Southridge Video,3,308,dim_contoso_product,I,
920,SV USB Data Cable E600 Black,sv usb data cable e600 black,0308178,Southridge Video,3,308,dim_contoso_product,I,
921,SV USB Data Cable E600 Silver,sv usb data cable e600 silver,0308179,Southridge Video,3,308,dim_contoso_product,I,
922,SV USB Data Cable E600 Grey,sv usb data cable e600 grey,0308180,Southridge Video,3,308,dim_contoso_product,I,
923,SV USB Sync Charge Cable E700 Blue,sv usb sync charge cable e700 blue,0308181,Southridge Video,3,308,dim_contoso_product,I,
924,SV USB Sync Charge Cable E700 Black,sv usb sync charge cable e700 black,0308182,Southridge Video,3,308,dim_contoso_product,I,
925,SV USB Sync Charge Cable E700 White,sv usb sync charge cable e700 white,0308183,Southridge Video,3,308,dim_contoso_product,I,
926,SV USB Sync Charge Cable E700 Silver,sv usb sync charge cable e700 silver,0308184,Southridge Video,3,308,dim_contoso_product,I,
927,SV 512MB Laptop memory E800 White,sv 512mb laptop memory e800 white,0308185,Southridge Video,3,308,dim_contoso_product,I,
928,SV 512MB Laptop memory E800 Silver,sv 512mb laptop memory e800 silver,0308186,Southridge Video,3,308,dim_contoso_product,I,
929,SV 512MB Laptop memory E800 Black,sv 512mb laptop memory e800 black,0308187,Southridge Video,3,308,dim_contoso_product,I,
930,SV 512MB Laptop memory E800 Yellow,sv 512mb laptop memory e800 yellow,0308188,Southridge Video,3,308,dim_contoso_product,I,
931,SV 2GB Laptop memory E800 Silver,sv 2gb laptop memory e800 silver,0308189,Southridge Video,3,308,dim_contoso_product,I,
932,SV 2GB Laptop memory E800 Black,sv 2gb laptop memory e800 black,0308190,Southridge Video,3,308,dim_contoso_product,I,
933,SV 2GB Laptop memory E800 White,sv 2gb laptop memory e800 white,0308191,Southridge Video,3,308,dim_contoso_product,I,
934,SV 4GB Laptop Memory M65 Blue,sv 4gb laptop memory m65 blue,0308192,Southridge Video,3,308,dim_contoso_product,I,
935,SV 4GB Laptop Memory M65 Yellow,sv 4gb laptop memory m65 yellow,0308193,Southridge Video,3,308,dim_contoso_product,I,
936,SV 4GB Laptop Memory M65 Black,sv 4gb laptop memory m65 black,0308194,Southridge Video,3,308,dim_contoso_product,I,
937,SV 4GB Laptop Memory M65 White,sv 4gb laptop memory m65 white,0308195,Southridge Video,3,308,dim_contoso_product,I,
938,SV Wireless LAN PCI Network Card Adapter E900 Black,sv wireless lan pci network card adapter e900 black,0308196,Southridge Video,3,308,dim_contoso_product,I,
939,SV Wireless LAN PCI Network Card Adapter E901 Black,sv wireless lan pci network card adapter e901 black,0308197,Southridge Video,3,308,dim_contoso_product,I,
940,SV Wireless LAN PCI Network Card Adapter E902 Black,sv wireless lan pci network card adapter e902 black,0308198,Southridge Video,3,308,dim_contoso_product,I,
941,SV PCI Network Adapter E903 Silver,sv pci network adapter e903 silver,0308199,Southridge Video,3,308,dim_contoso_product,I,
942,SV PCI Network Adapter E904 Silver,sv pci network adapter e904 silver,0308200,Southridge Video,3,308,dim_contoso_product,I,
943,SV PCI Network Adapter E905 Silver,sv pci network adapter e905 silver,0308201,Southridge Video,3,308,dim_contoso_product,I,
944,A. Datum Compact Digital Camera M200 Black,a. datum compact digital camera m200 black,0401001,A. Datum,4,401,dim_contoso_product,I,
945,A. Datum Rangefinder Digital Camera X200 Black,a. datum rangefinder digital camera x200 black,0401002,A. Datum,4,401,dim_contoso_product,I,
946,A. Datum Slim Digital Camera M180 Black,a. datum slim digital camera m180 black,0401003,A. Datum,4,401,dim_contoso_product,I,
947,A. Datum Ultra Compact Digital Camera M190 Black,a. datum ultra compact digital camera m190 black,0401004,A. Datum,4,401,dim_contoso_product,I,
948,A. Datum All in One Digital Camera M200 Black,a. datum all in one digital camera m200 black,0401005,A. Datum,4,401,dim_contoso_product,I,
949,A. Datum Interchangeable lens Non-SLR Digital Camera X250 Black,a. datum interchangeable lens non-slr digital camera x250 black,0401006,A. Datum,4,401,dim_contoso_product,I,
950,A. Datum Super-zoom Digital Camera X300 Black,a. datum super-zoom digital camera x300 black,0401007,A. Datum,4,401,dim_contoso_product,I,
951,A. Datum Consumer Digital Camera E100 Black,a. datum consumer digital camera e100 black,0401008,A. Datum,4,401,dim_contoso_product,I,
952,A. Datum Consumer Digital Camera M300 Black,a. datum consumer digital camera m300 black,0401009,A. Datum,4,401,dim_contoso_product,I,
953,A. Datum Advanced Digital Camera M300 Black,a. datum advanced digital camera m300 black,0401010,A. Datum,4,401,dim_contoso_product,I,
954,A. Datum Bridge Digital Camera M300 Black,a. datum bridge digital camera m300 black,0401011,A. Datum,4,401,dim_contoso_product,I,
955,A. Datum SLR-like Digital Camera M400 Black,a. datum slr-like digital camera m400 black,0401012,A. Datum,4,401,dim_contoso_product,I,
956,A. Datum Point Shoot Digital Camera M500 Black,a. datum point shoot digital camera m500 black,0401013,A. Datum,4,401,dim_contoso_product,I,
957,A. Datum Full Frame Digital Camera X300 Black,a. datum full frame digital camera x300 black,0401014,A. Datum,4,401,dim_contoso_product,I,
958,A. Datum Compact Digital Camera M200 Grey,a. datum compact digital camera m200 grey,0401015,A. Datum,4,401,dim_contoso_product,I,
959,A. Datum Rangefinder Digital Camera X200 Grey,a. datum rangefinder digital camera x200 grey,0401016,A. Datum,4,401,dim_contoso_product,I,
960,A. Datum Slim Digital Camera M180 Grey,a. datum slim digital camera m180 grey,0401017,A. Datum,4,401,dim_contoso_product,I,
961,A. Datum Ultra Compact Digital Camera M190 Grey,a. datum ultra compact digital camera m190 grey,0401018,A. Datum,4,401,dim_contoso_product,I,
962,A. Datum All in One Digital Camera M200 Grey,a. datum all in one digital camera m200 grey,0401019,A. Datum,4,401,dim_contoso_product,I,
963,A. Datum Interchangeable lens Non-SLR Digital Camera X250 Grey,a. datum interchangeable lens non-slr digital camera x250 grey,0401020,A. Datum,4,401,dim_contoso_product,I,
964,A. Datum Super-zoom Digital Camera X300 Grey,a. datum super-zoom digital camera x300 grey,0401021,A. Datum,4,401,dim_contoso_product,I,
965,A. Datum Consumer Digital Camera E100 Grey,a. datum consumer digital camera e100 grey,0401022,A. Datum,4,401,dim_contoso_product,I,
966,A. Datum Consumer Digital Camera M300 Grey,a. datum consumer digital camera m300 grey,0401023,A. Datum,4,401,dim_contoso_product,I,
967,A. Datum Advanced Digital Camera M300 Grey,a. datum advanced digital camera m300 grey,0401024,A. Datum,4,401,dim_contoso_product,I,
968,A. Datum Bridge Digital Camera M300 Grey,a. datum bridge digital camera m300 grey,0401025,A. Datum,4,401,dim_contoso_product,I,
969,A. Datum SLR-like Digital Camera M400 Grey,a. datum slr-like digital camera m400 grey,0401026,A. Datum,4,401,dim_contoso_product,I,
970,A. Datum Point n' Shoot Digital Camera M500 Grey,a. datum point n' shoot digital camera m500 grey,0401027,A. Datum,4,401,dim_contoso_product,I,
971,A. Datum Full Frame Digital Camera X300 Grey,a. datum full frame digital camera x300 grey,0401028,A. Datum,4,401,dim_contoso_product,I,
972,A. Datum Compact Digital Camera M200 Pink,a. datum compact digital camera m200 pink,0401029,A. Datum,4,401,dim_contoso_product,I,
973,A. Datum Rangefinder Digital Camera X200 Pink,a. datum rangefinder digital camera x200 pink,0401030,A. Datum,4,401,dim_contoso_product,I,
974,A. Datum Slim Digital Camera M180 Pink,a. datum slim digital camera m180 pink,0401031,A. Datum,4,401,dim_contoso_product,I,
975,A. Datum Ultra Compact Digital Camera M190 Pink,a. datum ultra compact digital camera m190 pink,0401032,A. Datum,4,401,dim_contoso_product,I,
976,A. Datum All in One Digital Camera M200 Pink,a. datum all in one digital camera m200 pink,0401033,A. Datum,4,401,dim_contoso_product,I,
977,A. Datum Interchangeable lens Non-SLR Digital Camera X250 Pink,a. datum interchangeable lens non-slr digital camera x250 pink,0401034,A. Datum,4,401,dim_contoso_product,I,
978,A. Datum Super-zoom Digital Camera X300 Pink,a. datum super-zoom digital camera x300 pink,0401035,A. Datum,4,401,dim_contoso_product,I,
979,A. Datum Consumer Digital Camera E100 Pink,a. datum consumer digital camera e100 pink,0401036,A. Datum,4,401,dim_contoso_product,I,
980,A. Datum Consumer Digital Camera M300 Pink,a. datum consumer digital camera m300 pink,0401037,A. Datum,4,401,dim_contoso_product,I,
981,A. Datum Advanced Digital Camera M300 Pink,a. datum advanced digital camera m300 pink,0401038,A. Datum,4,401,dim_contoso_product,I,
982,A. Datum Bridge Digital Camera M300 Pink,a. datum bridge digital camera m300 pink,0401039,A. Datum,4,401,dim_contoso_product,I,
983,A. Datum SLR-like Digital Camera M400 Pink,a. datum slr-like digital camera m400 pink,0401040,A. Datum,4,401,dim_contoso_product,I,
984,A. Datum Point Shoot Digital Camera M500 Pink,a. datum point shoot digital camera m500 pink,0401041,A. Datum,4,401,dim_contoso_product,I,
985,A. Datum Full Frame Digital Camera X300 Pink,a. datum full frame digital camera x300 pink,0401042,A. Datum,4,401,dim_contoso_product,I,
986,A. Datum Compact Digital Camera M200 Silver,a. datum compact digital camera m200 silver,0401043,A. Datum,4,401,dim_contoso_product,I,
987,A. Datum Rangefinder Digital Camera X200 Silver,a. datum rangefinder digital camera x200 silver,0401044,A. Datum,4,401,dim_contoso_product,I,
988,A. Datum Slim Digital Camera M180 Silver,a. datum slim digital camera m180 silver,0401045,A. Datum,4,401,dim_contoso_product,I,
989,A. Datum Ultra Compact Digital Camera M190 Silver,a. datum ultra compact digital camera m190 silver,0401046,A. Datum,4,401,dim_contoso_product,I,
990,A. Datum All in One Digital Camera M200 Silver,a. datum all in one digital camera m200 silver,0401047,A. Datum,4,401,dim_contoso_product,I,
991,A. Datum Interchangeable lens Non-SLR Digital Camera X250 Silver,a. datum interchangeable lens non-slr digital camera x250 silver,0401048,A. Datum,4,401,dim_contoso_product,I,
992,A. Datum Super-zoom Digital Camera X300 Silver,a. datum super-zoom digital camera x300 silver,0401049,A. Datum,4,401,dim_contoso_product,I,
993,A. Datum Consumer Digital Camera E100 Silver,a. datum consumer digital camera e100 silver,0401050,A. Datum,4,401,dim_contoso_product,I,
994,A. Datum Consumer Digital Camera M300 Silver,a. datum consumer digital camera m300 silver,0401051,A. Datum,4,401,dim_contoso_product,I,
995,A. Datum Advanced Digital Camera M300 Silver,a. datum advanced digital camera m300 silver,0401052,A. Datum,4,401,dim_contoso_product,I,
996,A. Datum Bridge Digital Camera M300 Silver,a. datum bridge digital camera m300 silver,0401053,A. Datum,4,401,dim_contoso_product,I,
997,A. Datum SLR-like Digital Camera M400 Silver,a. datum slr-like digital camera m400 silver,0401054,A. Datum,4,401,dim_contoso_product,I,
998,A. Datum Point Shoot Digital Camera M500 Silver,a. datum point shoot digital camera m500 silver,0401055,A. Datum,4,401,dim_contoso_product,I,
999,A. Datum Full Frame Digital Camera X300 Silver,a. datum full frame digital camera x300 silver,0401056,A. Datum,4,401,dim_contoso_product,I,
1000,A. Datum Compact Digital Camera M200 Orange,a. datum compact digital camera m200 orange,0401057,A. Datum,4,401,dim_contoso_product,I,
1001,A. Datum Rangefinder Digital Camera X200 Orange,a. datum rangefinder digital camera x200 orange,0401058,A. Datum,4,401,dim_contoso_product,I,
1002,A. Datum Slim Digital Camera M180 Orange,a. datum slim digital camera m180 orange,0401059,A. Datum,4,401,dim_contoso_product,I,
1003,A. Datum Ultra Compact Digital Camera M190 Orange,a. datum ultra compact digital camera m190 orange,0401060,A. Datum,4,401,dim_contoso_product,I,
1004,A. Datum All in One Digital Camera M200 Orange,a. datum all in one digital camera m200 orange,0401061,A. Datum,4,401,dim_contoso_product,I,
1005,A. Datum Interchangeable lens Non-SLR Digital Camera X250 Orange,a. datum interchangeable lens non-slr digital camera x250 orange,0401062,A. Datum,4,401,dim_contoso_product,I,
1006,A. Datum Super-zoom Digital Camera X300 Orange,a. datum super-zoom digital camera x300 orange,0401063,A. Datum,4,401,dim_contoso_product,I,
1007,A. Datum Consumer Digital Camera E100 Orange,a. datum consumer digital camera e100 orange,0401064,A. Datum,4,401,dim_contoso_product,I,
1008,A. Datum Consumer Digital Camera M300 Orange,a. datum consumer digital camera m300 orange,0401065,A. Datum,4,401,dim_contoso_product,I,
1009,A. Datum Advanced Digital Camera M300 Orange,a. datum advanced digital camera m300 orange,0401066,A. Datum,4,401,dim_contoso_product,I,
1010,A. Datum Bridge Digital Camera M300 Orange,a. datum bridge digital camera m300 orange,0401067,A. Datum,4,401,dim_contoso_product,I,
1011,A. Datum SLR-like Digital Camera M400 Orange,a. datum slr-like digital camera m400 orange,0401068,A. Datum,4,401,dim_contoso_product,I,
1012,A. Datum Point Shoot Digital Camera M500 Orange,a. datum point shoot digital camera m500 orange,0401069,A. Datum,4,401,dim_contoso_product,I,
1013,A. Datum Full Frame Digital Camera X300 Orange,a. datum full frame digital camera x300 orange,0401070,A. Datum,4,401,dim_contoso_product,I,
1014,A. Datum Compact Digital Camera M200 Green,a. datum compact digital camera m200 green,0401071,A. Datum,4,401,dim_contoso_product,I,
1015,A. Datum Rangefinder Digital Camera X200 Green,a. datum rangefinder digital camera x200 green,0401072,A. Datum,4,401,dim_contoso_product,I,
1016,A. Datum Slim Digital Camera M180 Green,a. datum slim digital camera m180 green,0401073,A. Datum,4,401,dim_contoso_product,I,
1017,A. Datum Ultra Compact Digital Camera M190 Green,a. datum ultra compact digital camera m190 green,0401074,A. Datum,4,401,dim_contoso_product,I,
1018,A. Datum All in One Digital Camera M200 Green,a. datum all in one digital camera m200 green,0401075,A. Datum,4,401,dim_contoso_product,I,
1019,A. Datum Interchangeable lens Non-SLR Digital Camera X250 Green,a. datum interchangeable lens non-slr digital camera x250 green,0401076,A. Datum,4,401,dim_contoso_product,I,
1020,A. Datum Super-zoom Digital Camera X300 Green,a. datum super-zoom digital camera x300 green,0401077,A. Datum,4,401,dim_contoso_product,I,
1021,A. Datum Consumer Digital Camera E100 Green,a. datum consumer digital camera e100 green,0401078,A. Datum,4,401,dim_contoso_product,I,
1022,A. Datum Consumer Digital Camera M300 Green,a. datum consumer digital camera m300 green,0401079,A. Datum,4,401,dim_contoso_product,I,
1023,A. Datum Advanced Digital Camera M300 Green,a. datum advanced digital camera m300 green,0401080,A. Datum,4,401,dim_contoso_product,I,
1024,A. Datum Bridge Digital Camera M300 Green,a. datum bridge digital camera m300 green,0401081,A. Datum,4,401,dim_contoso_product,I,
1025,A. Datum SLR-like Digital Camera M400 Green,a. datum slr-like digital camera m400 green,0401082,A. Datum,4,401,dim_contoso_product,I,
1026,A. Datum Point Shoot Digital Camera M500 Green,a. datum point shoot digital camera m500 green,0401083,A. Datum,4,401,dim_contoso_product,I,
1027,A. Datum Full Frame Digital Camera X300 Green,a. datum full frame digital camera x300 green,0401084,A. Datum,4,401,dim_contoso_product,I,
1028,A. Datum Compact Digital Camera M200 Azure,a. datum compact digital camera m200 azure,0401085,A. Datum,4,401,dim_contoso_product,I,
1029,A. Datum Rangefinder Digital Camera X200 Azure,a. datum rangefinder digital camera x200 azure,0401086,A. Datum,4,401,dim_contoso_product,I,
1030,A. Datum Slim Digital Camera M180 Azure,a. datum slim digital camera m180 azure,0401087,A. Datum,4,401,dim_contoso_product,I,
1031,A. Datum Ultra Compact Digital Camera M190 Azure,a. datum ultra compact digital camera m190 azure,0401088,A. Datum,4,401,dim_contoso_product,I,
1032,A. Datum All in One Digital Camera M200 Azure,a. datum all in one digital camera m200 azure,0401089,A. Datum,4,401,dim_contoso_product,I,
1033,A. Datum Interchangeable lens Non-SLR Digital Camera X250 Azure,a. datum interchangeable lens non-slr digital camera x250 azure,0401090,A. Datum,4,401,dim_contoso_product,I,
1034,A. Datum Super-zoom Digital Camera X300 Azure,a. datum super-zoom digital camera x300 azure,0401091,A. Datum,4,401,dim_contoso_product,I,
1035,A. Datum Consumer Digital Camera E100 Azure,a. datum consumer digital camera e100 azure,0401092,A. Datum,4,401,dim_contoso_product,I,
1036,A. Datum Consumer Digital Camera M300 Azure,a. datum consumer digital camera m300 azure,0401093,A. Datum,4,401,dim_contoso_product,I,
1037,A. Datum Advanced Digital Camera M300 Azure,a. datum advanced digital camera m300 azure,0401094,A. Datum,4,401,dim_contoso_product,I,
1038,A. Datum Bridge Digital Camera M300 Azure,a. datum bridge digital camera m300 azure,0401095,A. Datum,4,401,dim_contoso_product,I,
1039,A. Datum SLR-like Digital Camera M400 Azure,a. datum slr-like digital camera m400 azure,0401096,A. Datum,4,401,dim_contoso_product,I,
1040,A. Datum Point n' Shoot Digital Camera M500 Azure,a. datum point n' shoot digital camera m500 azure,0401097,A. Datum,4,401,dim_contoso_product,I,
1041,A. Datum Full Frame Digital Camera X300 Azure,a. datum full frame digital camera x300 azure,0401098,A. Datum,4,401,dim_contoso_product,I,
1042,A. Datum Point Shoot Digital Camera M500 Silver Grey,a. datum point shoot digital camera m500 silver grey,0401099,A. Datum,4,401,dim_contoso_product,I,
1043,A. Datum Full Frame Digital Camera X300 Silver Grey,a. datum full frame digital camera x300 silver grey,0401100,A. Datum,4,401,dim_contoso_product,I,
1044,A. Datum SLR Camera X135 Black,a. datum slr camera x135 black,0402001,A. Datum,4,402,dim_contoso_product,I,
1045,"A. Datum SLR Camera 35"" X358 Black","a. datum slr camera 35"" x358 black",0402002,A. Datum,4,402,dim_contoso_product,I,
1046,A. Datum SLR Camera M135 Black,a. datum slr camera m135 black,0402003,A. Datum,4,402,dim_contoso_product,I,
1047,"A. Datum SLR Camera 35"" M358 Black","a. datum slr camera 35"" m358 black",0402004,A. Datum,4,402,dim_contoso_product,I,
1048,A. Datum SLR Camera X136 Silver,a. datum slr camera x136 silver,0402005,A. Datum,4,402,dim_contoso_product,I,
1049,"A. Datum SLR Camera 35"" X358 Silver","a. datum slr camera 35"" x358 silver",0402006,A. Datum,4,402,dim_contoso_product,I,
1050,A. Datum SLR Camera M136 Silver,a. datum slr camera m136 silver,0402007,A. Datum,4,402,dim_contoso_product,I,
1051,"A. Datum SLR Camera 35"" M358 Silver","a. datum slr camera 35"" m358 silver",0402008,A. Datum,4,402,dim_contoso_product,I,
1052,A. Datum SLR Camera X137 Grey,a. datum slr camera x137 grey,0402009,A. Datum,4,402,dim_contoso_product,I,
1053,"A. Datum SLR Camera 35"" X358 Grey","a. datum slr camera 35"" x358 grey",0402010,A. Datum,4,402,dim_contoso_product,I,
1054,A. Datum SLR Camera M137 Grey,a. datum slr camera m137 grey,0402011,A. Datum,4,402,dim_contoso_product,I,
1055,"A. Datum SLR Camera 35"" M358 Grey","a. datum slr camera 35"" m358 grey",0402012,A. Datum,4,402,dim_contoso_product,I,
1056,A. Datum SLR Camera X138 Silver Grey,a. datum slr camera x138 silver grey,0402013,A. Datum,4,402,dim_contoso_product,I,
1057,"A. Datum SLR Camera 35"" X358 Silver Grey","a. datum slr camera 35"" x358 silver grey",0402014,A. Datum,4,402,dim_contoso_product,I,
1058,A. Datum SLR Camera M138 Silver Grey,a. datum slr camera m138 silver grey,0402015,A. Datum,4,402,dim_contoso_product,I,
1059,"A. Datum SLR Camera 35"" M358 Silver Grey","a. datum slr camera 35"" m358 silver grey",0402016,A. Datum,4,402,dim_contoso_product,I,
1060,A. Datum SLR Camera X139 Gold,a. datum slr camera x139 gold,0402017,A. Datum,4,402,dim_contoso_product,I,
1061,"A. Datum SLR Camera 35"" X358 Gold","a. datum slr camera 35"" x358 gold",0402018,A. Datum,4,402,dim_contoso_product,I,
1062,A. Datum SLR Camera M139 Gold,a. datum slr camera m139 gold,0402019,A. Datum,4,402,dim_contoso_product,I,
1063,"A. Datum SLR Camera 35"" M358 Gold","a. datum slr camera 35"" m358 gold",0402020,A. Datum,4,402,dim_contoso_product,I,
1064,A. Datum SLR Camera X140 Pink,a. datum slr camera x140 pink,0402021,A. Datum,4,402,dim_contoso_product,I,
1065,"A. Datum SLR Camera 35"" X358 Pink","a. datum slr camera 35"" x358 pink",0402022,A. Datum,4,402,dim_contoso_product,I,
1066,A. Datum SLR Camera M140 Pink,a. datum slr camera m140 pink,0402023,A. Datum,4,402,dim_contoso_product,I,
1067,"A. Datum SLR Camera 35"" M358 Pink","a. datum slr camera 35"" m358 pink",0402024,A. Datum,4,402,dim_contoso_product,I,
1068,A. Datum SLR Camera X141 Blue,a. datum slr camera x141 blue,0402025,A. Datum,4,402,dim_contoso_product,I,
1069,"A. Datum SLR Camera 35"" X358 Blue","a. datum slr camera 35"" x358 blue",0402026,A. Datum,4,402,dim_contoso_product,I,
1070,A. Datum SLR Camera M141 Blue,a. datum slr camera m141 blue,0402027,A. Datum,4,402,dim_contoso_product,I,
1071,"A. Datum SLR Camera 35"" M358 Blue","a. datum slr camera 35"" m358 blue",0402028,A. Datum,4,402,dim_contoso_product,I,
1072,A. Datum SLR Camera X142 Orange,a. datum slr camera x142 orange,0402029,A. Datum,4,402,dim_contoso_product,I,
1073,"A. Datum SLR Camera 35"" X358 Orange","a. datum slr camera 35"" x358 orange",0402030,A. Datum,4,402,dim_contoso_product,I,
1074,A. Datum SLR Camera M142 Orange,a. datum slr camera m142 orange,0402031,A. Datum,4,402,dim_contoso_product,I,
1075,"A. Datum SLR Camera 35"" M358 Orange","a. datum slr camera 35"" m358 orange",0402032,A. Datum,4,402,dim_contoso_product,I,
1076,Contoso SLR Camera X142 Black,contoso slr camera x142 black,0402033,Contoso,4,402,dim_contoso_product,I,
1077,"Contoso SLR Camera 35"" X358 Black","contoso slr camera 35"" x358 black",0402034,Contoso,4,402,dim_contoso_product,I,
1078,Contoso SLR Camera M142 Black,contoso slr camera m142 black,0402035,Contoso,4,402,dim_contoso_product,I,
1079,"Contoso SLR Camera 35"" M358 Black","contoso slr camera 35"" m358 black",0402036,Contoso,4,402,dim_contoso_product,I,
1080,Contoso SLR Camera X143 Silver,contoso slr camera x143 silver,0402037,Contoso,4,402,dim_contoso_product,I,
1081,"Contoso SLR Camera 35"" X358 Silver","contoso slr camera 35"" x358 silver",0402038,Contoso,4,402,dim_contoso_product,I,
1082,Contoso SLR Camera M143 Silver,contoso slr camera m143 silver,0402039,Contoso,4,402,dim_contoso_product,I,
1083,"Contoso SLR Camera 35"" M358 Silver","contoso slr camera 35"" m358 silver",0402040,Contoso,4,402,dim_contoso_product,I,
1084,Contoso SLR Camera X143 Grey,contoso slr camera x143 grey,0402041,Contoso,4,402,dim_contoso_product,I,
1085,"Contoso SLR Camera 35"" X358 Grey","contoso slr camera 35"" x358 grey",0402042,Contoso,4,402,dim_contoso_product,I,
1086,Contoso SLR Camera M143 Grey,contoso slr camera m143 grey,0402043,Contoso,4,402,dim_contoso_product,I,
1087,"Contoso SLR Camera 35"" M358 Grey","contoso slr camera 35"" m358 grey",0402044,Contoso,4,402,dim_contoso_product,I,
1088,Contoso SLR Camera X144 Silver Grey,contoso slr camera x144 silver grey,0402045,Contoso,4,402,dim_contoso_product,I,
1089,"Contoso SLR Camera 35"" X358 Silver Grey","contoso slr camera 35"" x358 silver grey",0402046,Contoso,4,402,dim_contoso_product,I,
1090,Contoso SLR Camera M144 Silver Grey,contoso slr camera m144 silver grey,0402047,Contoso,4,402,dim_contoso_product,I,
1091,"Contoso SLR Camera 35"" M358 Silver Grey","contoso slr camera 35"" m358 silver grey",0402048,Contoso,4,402,dim_contoso_product,I,
1092,Contoso SLR Camera X144 Gold,contoso slr camera x144 gold,0402049,Contoso,4,402,dim_contoso_product,I,
1093,"Contoso SLR Camera 35"" X358 Gold","contoso slr camera 35"" x358 gold",0402050,Contoso,4,402,dim_contoso_product,I,
1094,Contoso SLR Camera M144 Gold,contoso slr camera m144 gold,0402051,Contoso,4,402,dim_contoso_product,I,
1095,"Contoso SLR Camera 35"" M358 Gold","contoso slr camera 35"" m358 gold",0402052,Contoso,4,402,dim_contoso_product,I,
1096,Contoso SLR Camera X145 Pink,contoso slr camera x145 pink,0402053,Contoso,4,402,dim_contoso_product,I,
1097,"Contoso SLR Camera 35"" X358 Pink","contoso slr camera 35"" x358 pink",0402054,Contoso,4,402,dim_contoso_product,I,
1098,Contoso SLR Camera M145 Pink,contoso slr camera m145 pink,0402055,Contoso,4,402,dim_contoso_product,I,
1099,"Contoso SLR Camera 35"" M358 Pink","contoso slr camera 35"" m358 pink",0402056,Contoso,4,402,dim_contoso_product,I,
1100,Contoso SLR Camera X145 Blue,contoso slr camera x145 blue,0402057,Contoso,4,402,dim_contoso_product,I,
1101,"Contoso SLR Camera 35"" X358 Blue","contoso slr camera 35"" x358 blue",0402058,Contoso,4,402,dim_contoso_product,I,
1102,Contoso SLR Camera M145 Blue,contoso slr camera m145 blue,0402059,Contoso,4,402,dim_contoso_product,I,
1103,"Contoso SLR Camera 35"" M358 Blue","contoso slr camera 35"" m358 blue",0402060,Contoso,4,402,dim_contoso_product,I,
1104,Contoso SLR Camera X146 Orange,contoso slr camera x146 orange,0402061,Contoso,4,402,dim_contoso_product,I,
1105,"Contoso SLR Camera 35"" X358 Orange","contoso slr camera 35"" x358 orange",0402062,Contoso,4,402,dim_contoso_product,I,
1106,Contoso SLR Camera M146 Orange,contoso slr camera m146 orange,0402063,Contoso,4,402,dim_contoso_product,I,
1107,"Contoso SLR Camera 35"" M358 Orange","contoso slr camera 35"" m358 orange",0402064,Contoso,4,402,dim_contoso_product,I,
1108,Fabrikam SLR Camera X146 Black,fabrikam slr camera x146 black,0402065,Fabrikam,4,402,dim_contoso_product,I,
1109,"Fabrikam SLR Camera 35"" X358 Black","fabrikam slr camera 35"" x358 black",0402066,Fabrikam,4,402,dim_contoso_product,I,
1110,Fabrikam SLR Camera M146 Black,fabrikam slr camera m146 black,0402067,Fabrikam,4,402,dim_contoso_product,I,
1111,"Fabrikam SLR Camera 35"" M358 Black","fabrikam slr camera 35"" m358 black",0402068,Fabrikam,4,402,dim_contoso_product,I,
1112,Fabrikam SLR Camera X147 Silver,fabrikam slr camera x147 silver,0402069,Fabrikam,4,402,dim_contoso_product,I,
1113,"Fabrikam SLR Camera 35"" X358 Silver","fabrikam slr camera 35"" x358 silver",0402070,Fabrikam,4,402,dim_contoso_product,I,
1114,Fabrikam SLR Camera M147 Silver,fabrikam slr camera m147 silver,0402071,Fabrikam,4,402,dim_contoso_product,I,
1115,"Fabrikam SLR Camera 35"" M358 Silver","fabrikam slr camera 35"" m358 silver",0402072,Fabrikam,4,402,dim_contoso_product,I,
1116,Fabrikam SLR Camera X147 Grey,fabrikam slr camera x147 grey,0402073,Fabrikam,4,402,dim_contoso_product,I,
1117,"Fabrikam SLR Camera 35"" X358 Grey","fabrikam slr camera 35"" x358 grey",0402074,Fabrikam,4,402,dim_contoso_product,I,
1118,Fabrikam SLR Camera M147 Grey,fabrikam slr camera m147 grey,0402075,Fabrikam,4,402,dim_contoso_product,I,
1119,"Fabrikam SLR Camera 35"" M358 Grey","fabrikam slr camera 35"" m358 grey",0402076,Fabrikam,4,402,dim_contoso_product,I,
1120,Fabrikam SLR Camera X148 Silver Grey,fabrikam slr camera x148 silver grey,0402077,Fabrikam,4,402,dim_contoso_product,I,
1121,"Fabrikam SLR Camera 35"" X358 Silver Grey","fabrikam slr camera 35"" x358 silver grey",0402078,Fabrikam,4,402,dim_contoso_product,I,
1122,Fabrikam SLR Camera M148 Silver Grey,fabrikam slr camera m148 silver grey,0402079,Fabrikam,4,402,dim_contoso_product,I,
1123,"Fabrikam SLR Camera 35"" M358 Silver Grey","fabrikam slr camera 35"" m358 silver grey",0402080,Fabrikam,4,402,dim_contoso_product,I,
1124,Fabrikam SLR Camera X148 Gold,fabrikam slr camera x148 gold,0402081,Fabrikam,4,402,dim_contoso_product,I,
1125,"Fabrikam SLR Camera 35"" X358 Gold","fabrikam slr camera 35"" x358 gold",0402082,Fabrikam,4,402,dim_contoso_product,I,
1126,Fabrikam SLR Camera M148 Gold,fabrikam slr camera m148 gold,0402083,Fabrikam,4,402,dim_contoso_product,I,
1127,"Fabrikam SLR Camera 35"" M358 Gold","fabrikam slr camera 35"" m358 gold",0402084,Fabrikam,4,402,dim_contoso_product,I,
1128,Fabrikam SLR Camera X149 Pink,fabrikam slr camera x149 pink,0402085,Fabrikam,4,402,dim_contoso_product,I,
1129,"Fabrikam SLR Camera 35"" X358 Pink","fabrikam slr camera 35"" x358 pink",0402086,Fabrikam,4,402,dim_contoso_product,I,
1130,Fabrikam SLR Camera M149 Pink,fabrikam slr camera m149 pink,0402087,Fabrikam,4,402,dim_contoso_product,I,
1131,"Fabrikam SLR Camera 35"" M358 Pink","fabrikam slr camera 35"" m358 pink",0402088,Fabrikam,4,402,dim_contoso_product,I,
1132,Fabrikam SLR Camera X149 Blue,fabrikam slr camera x149 blue,0402089,Fabrikam,4,402,dim_contoso_product,I,
1133,"Fabrikam SLR Camera 35"" X358 Blue","fabrikam slr camera 35"" x358 blue",0402090,Fabrikam,4,402,dim_contoso_product,I,
1134,Fabrikam SLR Camera M149 Blue,fabrikam slr camera m149 blue,0402091,Fabrikam,4,402,dim_contoso_product,I,
1135,"Fabrikam SLR Camera 35"" M358 Blue","fabrikam slr camera 35"" m358 blue",0402092,Fabrikam,4,402,dim_contoso_product,I,
1136,Fabrikam SLR Camera X150 Orange,fabrikam slr camera x150 orange,0402093,Fabrikam,4,402,dim_contoso_product,I,
1137,"Fabrikam SLR Camera 35"" X358 Orange","fabrikam slr camera 35"" x358 orange",0402094,Fabrikam,4,402,dim_contoso_product,I,
1138,Fabrikam SLR Camera M150 Orange,fabrikam slr camera m150 orange,0402095,Fabrikam,4,402,dim_contoso_product,I,
1139,"Fabrikam SLR Camera 35"" M358 Orange","fabrikam slr camera 35"" m358 orange",0402096,Fabrikam,4,402,dim_contoso_product,I,
1140,Fabrikam SLR Camera X150 Green,fabrikam slr camera x150 green,0402097,Fabrikam,4,402,dim_contoso_product,I,
1141,"Fabrikam SLR Camera 35"" X358 Green","fabrikam slr camera 35"" x358 green",0402098,Fabrikam,4,402,dim_contoso_product,I,
1142,Fabrikam SLR Camera M150 Green,fabrikam slr camera m150 green,0402099,Fabrikam,4,402,dim_contoso_product,I,
1143,"Fabrikam SLR Camera 35"" M358 Green","fabrikam slr camera 35"" m358 green",0402100,Fabrikam,4,402,dim_contoso_product,I,
1144,"Fabrikam Home and Vacation Moviemaker 1"" 25mm M400 Blue","fabrikam home and vacation moviemaker 1"" 25mm m400 blue",0405001,Fabrikam,4,405,dim_contoso_product,I,
1145,"Fabrikam Home and Vacation Moviemaker 1/2"" 3mm M300 Orange","fabrikam home and vacation moviemaker 1/2"" 3mm m300 orange",0405002,Fabrikam,4,405,dim_contoso_product,I,
1146,"Fabrikam Home and vacation moviemaker 1/3"" 8.5mm M200 Blue","fabrikam home and vacation moviemaker 1/3"" 8.5mm m200 blue",0405003,Fabrikam,4,405,dim_contoso_product,I,
1147,Fabrikam Home and vacation moviemaker 2/3'' 17mm M103 Black,fabrikam home and vacation moviemaker 2/3'' 17mm m103 black,0405004,Fabrikam,4,405,dim_contoso_product,I,
1148,Fabrikam Budget Movie-Maker 1'' 25mm E400 Black,fabrikam budget movie-maker 1'' 25mm e400 black,0405005,Fabrikam,4,405,dim_contoso_product,I,
1149,Fabrikam Budget Movie-Maker 1/2'' 3mm E300 Black,fabrikam budget movie-maker 1/2'' 3mm e300 black,0405006,Fabrikam,4,405,dim_contoso_product,I,
1150,Fabrikam Budget Movie-Maker 1/3'' 8.5mm E200 Black,fabrikam budget movie-maker 1/3'' 8.5mm e200 black,0405007,Fabrikam,4,405,dim_contoso_product,I,
1151,Fabrikam Budget Movie-Maker 2/3'' 17mm E100 Black,fabrikam budget movie-maker 2/3'' 17mm e100 black,0405008,Fabrikam,4,405,dim_contoso_product,I,
1152,"Fabrikam Trendsetter 1"" 25mm X400 Blue","fabrikam trendsetter 1"" 25mm x400 blue",0405009,Fabrikam,4,405,dim_contoso_product,I,
1153,Fabrikam Trendsetter 1/2'' 3mm X300 Black,fabrikam trendsetter 1/2'' 3mm x300 black,0405010,Fabrikam,4,405,dim_contoso_product,I,
1154,"Fabrikam Trendsetter 1/3"" 8.5mm X200 Blue","fabrikam trendsetter 1/3"" 8.5mm x200 blue",0405011,Fabrikam,4,405,dim_contoso_product,I,
1155,Fabrikam Trendsetter 2/3'' 17mm X100 Black,fabrikam trendsetter 2/3'' 17mm x100 black,0405012,Fabrikam,4,405,dim_contoso_product,I,
1156,Fabrikam Independent Filmmaker 1'' 25mm X400 Black,fabrikam independent filmmaker 1'' 25mm x400 black,0405013,Fabrikam,4,405,dim_contoso_product,I,
1157,"Fabrikam Independent Filmmaker 1/2"" 3mm X300 Orange","fabrikam independent filmmaker 1/2"" 3mm x300 orange",0405014,Fabrikam,4,405,dim_contoso_product,I,
1158,Fabrikam Independent Filmmaker 1/3'' 8.5mm X200 Black,fabrikam independent filmmaker 1/3'' 8.5mm x200 black,0405015,Fabrikam,4,405,dim_contoso_product,I,
1159,"Fabrikam Independent Filmmaker 2/3"" 17mm X100 Blue","fabrikam independent filmmaker 2/3"" 17mm x100 blue",0405016,Fabrikam,4,405,dim_contoso_product,I,
1160,"Fabrikam Business Videographer 1"" 25mm M600 Blue","fabrikam business videographer 1"" 25mm m600 blue",0405017,Fabrikam,4,405,dim_contoso_product,I,
1161,Fabrikam Business Videographer 1/2'' 3mm M500 Black,fabrikam business videographer 1/2'' 3mm m500 black,0405018,Fabrikam,4,405,dim_contoso_product,I,
1162,Fabrikam Business Videographer 1/3'' 8.5mm M380 Black,fabrikam business videographer 1/3'' 8.5mm m380 black,0405019,Fabrikam,4,405,dim_contoso_product,I,
1163,Fabrikam Business Videographer 2/3'' 17mm M280 Black,fabrikam business videographer 2/3'' 17mm m280 black,0405020,Fabrikam,4,405,dim_contoso_product,I,
1164,Fabrikam Social videographer 1'' 25mm E400 Black,fabrikam social videographer 1'' 25mm e400 black,0405021,Fabrikam,4,405,dim_contoso_product,I,
1165,Fabrikam Social Videographer 1/2'' 3mm E300 Black,fabrikam social videographer 1/2'' 3mm e300 black,0405022,Fabrikam,4,405,dim_contoso_product,I,
1166,Fabrikam Social Videographer 1/3'' 8.5mm E200 Black,fabrikam social videographer 1/3'' 8.5mm e200 black,0405023,Fabrikam,4,405,dim_contoso_product,I,
1167,Fabrikam Social Videographer 2/3'' 17mm E100 Black,fabrikam social videographer 2/3'' 17mm e100 black,0405024,Fabrikam,4,405,dim_contoso_product,I,
1168,Fabrikam Home and Vacation Moviemaker 1'' 25mm M400 White,fabrikam home and vacation moviemaker 1'' 25mm m400 white,0405025,Fabrikam,4,405,dim_contoso_product,I,
1169,Fabrikam Home and Vacation Moviemaker 1/2'' 3mm M300 White,fabrikam home and vacation moviemaker 1/2'' 3mm m300 white,0405026,Fabrikam,4,405,dim_contoso_product,I,
1170,Fabrikam Home and Vacation Moviemaker 1/3'' 8.5mm M200 White,fabrikam home and vacation moviemaker 1/3'' 8.5mm m200 white,0405027,Fabrikam,4,405,dim_contoso_product,I,
1171,Fabrikam Home and Vacation Moviemaker 2/3'' 17mm M103 White,fabrikam home and vacation moviemaker 2/3'' 17mm m103 white,0405028,Fabrikam,4,405,dim_contoso_product,I,
1172,Fabrikam Budget Moviemaker 1'' 25mm E400 White,fabrikam budget moviemaker 1'' 25mm e400 white,0405029,Fabrikam,4,405,dim_contoso_product,I,
1173,Fabrikam Budget Moviemaker 1/2'' 3mm E300 White,fabrikam budget moviemaker 1/2'' 3mm e300 white,0405030,Fabrikam,4,405,dim_contoso_product,I,
1174,Fabrikam Budget Moviemaker 1/3'' 8.5mm E200 White,fabrikam budget moviemaker 1/3'' 8.5mm e200 white,0405031,Fabrikam,4,405,dim_contoso_product,I,
1175,Fabrikam Budget Moviemaker 2/3'' 17mm E100 White,fabrikam budget moviemaker 2/3'' 17mm e100 white,0405032,Fabrikam,4,405,dim_contoso_product,I,
1176,Fabrikam Trendsetter 1'' 25mm X400 White,fabrikam trendsetter 1'' 25mm x400 white,0405033,Fabrikam,4,405,dim_contoso_product,I,
1177,Fabrikam Trendsetter 1/2'' 3mm X300 White,fabrikam trendsetter 1/2'' 3mm x300 white,0405034,Fabrikam,4,405,dim_contoso_product,I,
1178,Fabrikam Trendsetter 1/3'' 8.5mm X200 White,fabrikam trendsetter 1/3'' 8.5mm x200 white,0405035,Fabrikam,4,405,dim_contoso_product,I,
1179,Fabrikam Trendsetter 2/3'' 17mm X100 White,fabrikam trendsetter 2/3'' 17mm x100 white,0405036,Fabrikam,4,405,dim_contoso_product,I,
1180,Fabrikam Independent filmmaker 1'' 25mm X400 White,fabrikam independent filmmaker 1'' 25mm x400 white,0405037,Fabrikam,4,405,dim_contoso_product,I,
1181,Fabrikam Independent filmmaker 1/2'' 3mm X300 White,fabrikam independent filmmaker 1/2'' 3mm x300 white,0405038,Fabrikam,4,405,dim_contoso_product,I,
1182,Fabrikam Independent filmmaker 1/3'' 8.5mm X200 White,fabrikam independent filmmaker 1/3'' 8.5mm x200 white,0405039,Fabrikam,4,405,dim_contoso_product,I,
1183,Fabrikam Independent filmmaker 2/3'' 17mm X100 White,fabrikam independent filmmaker 2/3'' 17mm x100 white,0405040,Fabrikam,4,405,dim_contoso_product,I,
1184,Fabrikam Business Videographer 1'' 25mm M600 White,fabrikam business videographer 1'' 25mm m600 white,0405041,Fabrikam,4,405,dim_contoso_product,I,
1185,"Fabrikam Business Videographer 1/2"" 3mm M500 Orange","fabrikam business videographer 1/2"" 3mm m500 orange",0405042,Fabrikam,4,405,dim_contoso_product,I,
1186,"Fabrikam Business Videographer 1/3"" 8.5mm M380 Orange","fabrikam business videographer 1/3"" 8.5mm m380 orange",0405043,Fabrikam,4,405,dim_contoso_product,I,
1187,"Fabrikam Business Videographer 2/3"" 17mm M280 Orange","fabrikam business videographer 2/3"" 17mm m280 orange",0405044,Fabrikam,4,405,dim_contoso_product,I,
1188,"Fabrikam Social Videographer 1"" 25mm E400 Orange","fabrikam social videographer 1"" 25mm e400 orange",0405045,Fabrikam,4,405,dim_contoso_product,I,
1189,"Fabrikam Social Videographer 1/2"" 3mm E300 Orange","fabrikam social videographer 1/2"" 3mm e300 orange",0405046,Fabrikam,4,405,dim_contoso_product,I,
1190,"Fabrikam Social Videographer 1/3"" 8.5mm E200 Orange","fabrikam social videographer 1/3"" 8.5mm e200 orange",0405047,Fabrikam,4,405,dim_contoso_product,I,
1191,"Fabrikam Social Videographer 2/3"" 17mm E100 Orange","fabrikam social videographer 2/3"" 17mm e100 orange",0405048,Fabrikam,4,405,dim_contoso_product,I,
1192,Fabrikam Home and Vacation Moviemaker 1'' 25mm M400 Grey,fabrikam home and vacation moviemaker 1'' 25mm m400 grey,0405049,Fabrikam,4,405,dim_contoso_product,I,
1193,Fabrikam Home and Vacation Moviemaker 1/2'' 3mm M300 Grey,fabrikam home and vacation moviemaker 1/2'' 3mm m300 grey,0405050,Fabrikam,4,405,dim_contoso_product,I,
1194,Fabrikam Home and Vacation Moviemaker 1/3'' 8.5mm M200 Grey,fabrikam home and vacation moviemaker 1/3'' 8.5mm m200 grey,0405051,Fabrikam,4,405,dim_contoso_product,I,
1195,Fabrikam Home and Vacation Moviemaker 2/3'' 17mm M103 Grey,fabrikam home and vacation moviemaker 2/3'' 17mm m103 grey,0405052,Fabrikam,4,405,dim_contoso_product,I,
1196,Fabrikam Budget Moviemaker 1'' 25mm E400 Grey,fabrikam budget moviemaker 1'' 25mm e400 grey,0405053,Fabrikam,4,405,dim_contoso_product,I,
1197,Fabrikam Budget Moviemaker 1/2'' 3mm E300 Grey,fabrikam budget moviemaker 1/2'' 3mm e300 grey,0405054,Fabrikam,4,405,dim_contoso_product,I,
1198,Fabrikam Budget Moviemaker 1/3'' 8.5mm E200 Grey,fabrikam budget moviemaker 1/3'' 8.5mm e200 grey,0405055,Fabrikam,4,405,dim_contoso_product,I,
1199,Fabrikam Budget Moviemaker 2/3'' 17mm E100 Grey,fabrikam budget moviemaker 2/3'' 17mm e100 grey,0405056,Fabrikam,4,405,dim_contoso_product,I,
1200,Fabrikam Trendsetter 1'' 25mm X400 Grey,fabrikam trendsetter 1'' 25mm x400 grey,0405057,Fabrikam,4,405,dim_contoso_product,I,
1201,Fabrikam Trendsetter 1/2'' 3mm X300 Grey,fabrikam trendsetter 1/2'' 3mm x300 grey,0405058,Fabrikam,4,405,dim_contoso_product,I,
1202,Fabrikam Trendsetter 1/3'' 8.5mm X200 Grey,fabrikam trendsetter 1/3'' 8.5mm x200 grey,0405059,Fabrikam,4,405,dim_contoso_product,I,
1203,Fabrikam Trendsetter 2/3'' 17mm X100 Grey,fabrikam trendsetter 2/3'' 17mm x100 grey,0405060,Fabrikam,4,405,dim_contoso_product,I,
1204,Fabrikam Independent Filmmaker 1'' 25mm X400 Grey,fabrikam independent filmmaker 1'' 25mm x400 grey,0405061,Fabrikam,4,405,dim_contoso_product,I,
1205,Fabrikam Independent Filmmaker 1/2'' 3mm X300 Grey,fabrikam independent filmmaker 1/2'' 3mm x300 grey,0405062,Fabrikam,4,405,dim_contoso_product,I,
1206,Fabrikam Independent Filmmaker 1/3'' 8.5mm X200 Grey,fabrikam independent filmmaker 1/3'' 8.5mm x200 grey,0405063,Fabrikam,4,405,dim_contoso_product,I,
1207,Fabrikam Independent Filmmaker 2/3'' 17mm X100 Grey,fabrikam independent filmmaker 2/3'' 17mm x100 grey,0405064,Fabrikam,4,405,dim_contoso_product,I,
1208,Fabrikam Business Videographer 1'' 25mm M600 Grey,fabrikam business videographer 1'' 25mm m600 grey,0405065,Fabrikam,4,405,dim_contoso_product,I,
1209,Fabrikam Business Videographer 1/2'' 3mm M500 Grey,fabrikam business videographer 1/2'' 3mm m500 grey,0405066,Fabrikam,4,405,dim_contoso_product,I,
1210,Fabrikam Business Videographer 1/3'' 8.5mm M380 Grey,fabrikam business videographer 1/3'' 8.5mm m380 grey,0405067,Fabrikam,4,405,dim_contoso_product,I,
1211,Fabrikam Business Videographer 2/3'' 17mm M280 Grey,fabrikam business videographer 2/3'' 17mm m280 grey,0405068,Fabrikam,4,405,dim_contoso_product,I,
1212,Fabrikam Social Videographer 1'' 25mm E400 Grey,fabrikam social videographer 1'' 25mm e400 grey,0405069,Fabrikam,4,405,dim_contoso_product,I,
1213,Fabrikam Social Videographer 1/2'' 3mm E300 Grey,fabrikam social videographer 1/2'' 3mm e300 grey,0405070,Fabrikam,4,405,dim_contoso_product,I,
1214,Fabrikam Social Videographer 1/3'' 8.5mm E200 Grey,fabrikam social videographer 1/3'' 8.5mm e200 grey,0405071,Fabrikam,4,405,dim_contoso_product,I,
1215,Fabrikam Social Videographer 2/3'' 17mm E100 Grey,fabrikam social videographer 2/3'' 17mm e100 grey,0405072,Fabrikam,4,405,dim_contoso_product,I,
1216,Fabrikam Home and Vacation Moviemaker 1'' 25mm M400 Black,fabrikam home and vacation moviemaker 1'' 25mm m400 black,0405073,Fabrikam,4,405,dim_contoso_product,I,
1217,Fabrikam Home and Vacation Moviemaker 1/2'' 3mm M300 Black,fabrikam home and vacation moviemaker 1/2'' 3mm m300 black,0405074,Fabrikam,4,405,dim_contoso_product,I,
1218,Fabrikam Home and Vacation Moviemaker 1/3'' 8.5mm M200 Black,fabrikam home and vacation moviemaker 1/3'' 8.5mm m200 black,0405075,Fabrikam,4,405,dim_contoso_product,I,
1219,"Fabrikam Home and Vacation Moviemaker 2/3"" 17mm M103 Blue","fabrikam home and vacation moviemaker 2/3"" 17mm m103 blue",0405076,Fabrikam,4,405,dim_contoso_product,I,
1220,Fabrikam Budget Moviemaker 1'' 25mm E400 Black,fabrikam budget moviemaker 1'' 25mm e400 black,0405077,Fabrikam,4,405,dim_contoso_product,I,
1221,Fabrikam Budget Moviemaker 1/2'' 3mm E300 Black,fabrikam budget moviemaker 1/2'' 3mm e300 black,0405078,Fabrikam,4,405,dim_contoso_product,I,
1222,Fabrikam Budget Moviemaker 1/3'' 8.5mm E200 Black,fabrikam budget moviemaker 1/3'' 8.5mm e200 black,0405079,Fabrikam,4,405,dim_contoso_product,I,
1223,Fabrikam Budget Moviemaker 2/3'' 17mm E100 Black,fabrikam budget moviemaker 2/3'' 17mm e100 black,0405080,Fabrikam,4,405,dim_contoso_product,I,
1224,Fabrikam Trendsetter 1'' 25mm X400 Black,fabrikam trendsetter 1'' 25mm x400 black,0405081,Fabrikam,4,405,dim_contoso_product,I,
1225,"Fabrikam Trendsetter 1/2"" 3mm X300 Orange","fabrikam trendsetter 1/2"" 3mm x300 orange",0405082,Fabrikam,4,405,dim_contoso_product,I,
1226,Fabrikam Trendsetter 1/3'' 8.5mm X200 Black,fabrikam trendsetter 1/3'' 8.5mm x200 black,0405083,Fabrikam,4,405,dim_contoso_product,I,
1227,"Fabrikam Trendsetter 2/3"" 17mm X100 Orange","fabrikam trendsetter 2/3"" 17mm x100 orange",0405084,Fabrikam,4,405,dim_contoso_product,I,
1228,"Fabrikam Independent Filmmaker 1"" 25mm X400 Blue","fabrikam independent filmmaker 1"" 25mm x400 blue",0405085,Fabrikam,4,405,dim_contoso_product,I,
1229,Fabrikam Independent Filmmaker 1/2'' 3mm X300 Black,fabrikam independent filmmaker 1/2'' 3mm x300 black,0405086,Fabrikam,4,405,dim_contoso_product,I,
1230,"Fabrikam Independent Filmmaker 1/3"" 8.5mm X200 Blue","fabrikam independent filmmaker 1/3"" 8.5mm x200 blue",0405087,Fabrikam,4,405,dim_contoso_product,I,
1231,Fabrikam Independent Filmmaker 2/3'' 17mm X100 Black,fabrikam independent filmmaker 2/3'' 17mm x100 black,0405088,Fabrikam,4,405,dim_contoso_product,I,
1232,Fabrikam Business Videographer 1'' 25mm M600 Black,fabrikam business videographer 1'' 25mm m600 black,0405089,Fabrikam,4,405,dim_contoso_product,I,
1233,"Fabrikam Business Videographer 1/2"" 3mm M500 Blue","fabrikam business videographer 1/2"" 3mm m500 blue",0405090,Fabrikam,4,405,dim_contoso_product,I,
1234,"Fabrikam Business Videographer 1/3"" 8.5mm M380 Blue","fabrikam business videographer 1/3"" 8.5mm m380 blue",0405091,Fabrikam,4,405,dim_contoso_product,I,
1235,"Fabrikam Business Videographer 2/3"" 17mm M280 Blue","fabrikam business videographer 2/3"" 17mm m280 blue",0405092,Fabrikam,4,405,dim_contoso_product,I,
1236,"Fabrikam Social Videographer 1"" 25mm E400 Blue","fabrikam social videographer 1"" 25mm e400 blue",0405093,Fabrikam,4,405,dim_contoso_product,I,
1237,"Fabrikam Social Videographer 1/2"" 3mm E300 Blue","fabrikam social videographer 1/2"" 3mm e300 blue",0405094,Fabrikam,4,405,dim_contoso_product,I,
1238,"Fabrikam Social Videographer 1/3"" 8.5mm E200 Blue","fabrikam social videographer 1/3"" 8.5mm e200 blue",0405095,Fabrikam,4,405,dim_contoso_product,I,
1239,"Fabrikam Social Videographer 2/3"" 17mm E100 Blue","fabrikam social videographer 2/3"" 17mm e100 blue",0405096,Fabrikam,4,405,dim_contoso_product,I,
1240,Fabrikam Business Videographer 1/2'' 3mm M500 White,fabrikam business videographer 1/2'' 3mm m500 white,0405097,Fabrikam,4,405,dim_contoso_product,I,
1241,Fabrikam Business Videographer 1/3'' 8.5mm M380 White,fabrikam business videographer 1/3'' 8.5mm m380 white,0405098,Fabrikam,4,405,dim_contoso_product,I,
1242,Fabrikam Business Videographer 2/3'' 17mm M280 White,fabrikam business videographer 2/3'' 17mm m280 white,0405099,Fabrikam,4,405,dim_contoso_product,I,
1243,Fabrikam Social Videographer 1'' 25mm E400 White,fabrikam social videographer 1'' 25mm e400 white,0405100,Fabrikam,4,405,dim_contoso_product,I,
1244,Fabrikam Social Videographer 1/2'' 3mm E300 White,fabrikam social videographer 1/2'' 3mm e300 white,0405101,Fabrikam,4,405,dim_contoso_product,I,
1245,Fabrikam Social Videographer 1/3'' 8.5mm E200 White,fabrikam social videographer 1/3'' 8.5mm e200 white,0405102,Fabrikam,4,405,dim_contoso_product,I,
1246,Fabrikam Social Videographer 2/3'' 17mm E100 White,fabrikam social videographer 2/3'' 17mm e100 white,0405103,Fabrikam,4,405,dim_contoso_product,I,
1247,Contoso Rechargeable Li-Ion Battery Pack E300 Silver,contoso rechargeable li-ion battery pack e300 silver,0406001,Contoso,4,406,dim_contoso_product,I,
1248,Contoso Rechargeable Li-Ion Battery Pack E300 Black,contoso rechargeable li-ion battery pack e300 black,0406002,Contoso,4,406,dim_contoso_product,I,
1249,Contoso Rechargeable Li-Ion Battery Pack E300 White,contoso rechargeable li-ion battery pack e300 white,0406003,Contoso,4,406,dim_contoso_product,I,
1250,Contoso Travel Charger for S-Series Battery E302 Silver,contoso travel charger for s-series battery e302 silver,0406004,Contoso,4,406,dim_contoso_product,I,
1251,Contoso Travel Charger for S-Series Battery E302 Black,contoso travel charger for s-series battery e302 black,0406005,Contoso,4,406,dim_contoso_product,I,
1252,Contoso Travel Charger for S-Series Battery E302 White,contoso travel charger for s-series battery e302 white,0406006,Contoso,4,406,dim_contoso_product,I,
1253,Contoso General Carrying Case E304 Silver,contoso general carrying case e304 silver,0406007,Contoso,4,406,dim_contoso_product,I,
1254,Contoso General Carrying Case E304 Black,contoso general carrying case e304 black,0406008,Contoso,4,406,dim_contoso_product,I,
1255,Contoso General Carrying Case E304 White,contoso general carrying case e304 white,0406009,Contoso,4,406,dim_contoso_product,I,
1256,Contoso General Carrying Case E304 Blue,contoso general carrying case e304 blue,0406010,Contoso,4,406,dim_contoso_product,I,
1257,Contoso Cyber Shot Digital Cameras Adapter E306 Pink,contoso cyber shot digital cameras adapter e306 pink,0406011,Contoso,4,406,dim_contoso_product,I,
1258,Contoso Cyber Shot Digital Cameras Adapter E306 Blue,contoso cyber shot digital cameras adapter e306 blue,0406012,Contoso,4,406,dim_contoso_product,I,
1259,Contoso Cyber Shot Digital Cameras Adapter E306 Black,contoso cyber shot digital cameras adapter e306 black,0406013,Contoso,4,406,dim_contoso_product,I,
1260,Contoso Multi-Use Terminal Cable E308 Silver,contoso multi-use terminal cable e308 silver,0406014,Contoso,4,406,dim_contoso_product,I,
1261,Contoso Multi-Use Terminal Cable E308 White,contoso multi-use terminal cable e308 white,0406015,Contoso,4,406,dim_contoso_product,I,
1262,Contoso Multi-Use Terminal Cable E308 Black,contoso multi-use terminal cable e308 black,0406016,Contoso,4,406,dim_contoso_product,I,
1263,Contoso Rechargeable Battery Pack E310 Silver,contoso rechargeable battery pack e310 silver,0406017,Contoso,4,406,dim_contoso_product,I,
1264,Contoso Rechargeable Battery Pack E310 Black,contoso rechargeable battery pack e310 black,0406018,Contoso,4,406,dim_contoso_product,I,
1265,Contoso Rechargeable Battery Pack E310 White,contoso rechargeable battery pack e310 white,0406019,Contoso,4,406,dim_contoso_product,I,
1266,Contoso Carrying Case E312 Silver,contoso carrying case e312 silver,0406020,Contoso,4,406,dim_contoso_product,I,
1267,Contoso Carrying Case E312 Pink,contoso carrying case e312 pink,0406021,Contoso,4,406,dim_contoso_product,I,
1268,Contoso Carrying Case E312 White,contoso carrying case e312 white,0406022,Contoso,4,406,dim_contoso_product,I,
1269,Contoso Carrying Case E312 Blue,contoso carrying case e312 blue,0406023,Contoso,4,406,dim_contoso_product,I,
1270,Contoso Lens Cap Keeper E314 Pink,contoso lens cap keeper e314 pink,0406024,Contoso,4,406,dim_contoso_product,I,
1271,Contoso Lens Cap Keeper E314 Yellow,contoso lens cap keeper e314 yellow,0406025,Contoso,4,406,dim_contoso_product,I,
1272,Contoso Lens Cap Keeper E314 White,contoso lens cap keeper e314 white,0406026,Contoso,4,406,dim_contoso_product,I,
1273,Contoso Lens Cap Keeper E314 Silver,contoso lens cap keeper e314 silver,0406027,Contoso,4,406,dim_contoso_product,I,
1274,Contoso Digital Cameras Lightweight Tripod E316 White,contoso digital cameras lightweight tripod e316 white,0406028,Contoso,4,406,dim_contoso_product,I,
1275,Contoso Digital Cameras Lightweight Tripod E316 Black,contoso digital cameras lightweight tripod e316 black,0406029,Contoso,4,406,dim_contoso_product,I,
1276,Contoso Digital Cameras Lightweight Tripod E316 Pink,contoso digital cameras lightweight tripod e316 pink,0406030,Contoso,4,406,dim_contoso_product,I,
1277,Contoso Digital Cameras Lightweight Tripod E316 Silver,contoso digital cameras lightweight tripod e316 silver,0406031,Contoso,4,406,dim_contoso_product,I,
1278,Contoso General Soft Carrying Case E318 Blue,contoso general soft carrying case e318 blue,0406032,Contoso,4,406,dim_contoso_product,I,
1279,Contoso General Soft Carrying Case E318 Black,contoso general soft carrying case e318 black,0406033,Contoso,4,406,dim_contoso_product,I,
1280,Contoso General Soft Carrying Case E318 Silver,contoso general soft carrying case e318 silver,0406034,Contoso,4,406,dim_contoso_product,I,
1281,Contoso General Soft Carrying Case E318 White,contoso general soft carrying case e318 white,0406035,Contoso,4,406,dim_contoso_product,I,
1282,Contoso Mini Battery Charger Kit E320 Red,contoso mini battery charger kit e320 red,0406036,Contoso,4,406,dim_contoso_product,I,
1283,Contoso Mini Battery Charger Kit E320 White,contoso mini battery charger kit e320 white,0406037,Contoso,4,406,dim_contoso_product,I,
1284,Contoso Mini Battery Charger Kit E320 Black,contoso mini battery charger kit e320 black,0406038,Contoso,4,406,dim_contoso_product,I,
1285,Contoso Mini Battery Charger Kit E320 Silver,contoso mini battery charger kit e320 silver,0406039,Contoso,4,406,dim_contoso_product,I,
1286,Contoso Genuine Leather Grip Belt E322 Black,contoso genuine leather grip belt e322 black,0406040,Contoso,4,406,dim_contoso_product,I,
1287,Contoso Genuine Leather Grip Belt E322 White,contoso genuine leather grip belt e322 white,0406041,Contoso,4,406,dim_contoso_product,I,
1288,Contoso Genuine Leather Grip Belt E322 Silver,contoso genuine leather grip belt e322 silver,0406042,Contoso,4,406,dim_contoso_product,I,
1289,Contoso Genuine Leather Grip Belt E322 Grey,contoso genuine leather grip belt e322 grey,0406043,Contoso,4,406,dim_contoso_product,I,
1290,Contoso Macro Zoom Lens X300 Silver,contoso macro zoom lens x300 silver,0406044,Contoso,4,406,dim_contoso_product,I,
1291,Contoso Macro Zoom Lens X300 White,contoso macro zoom lens x300 white,0406045,Contoso,4,406,dim_contoso_product,I,
1292,Contoso Macro Zoom Lens X300 Black,contoso macro zoom lens x300 black,0406046,Contoso,4,406,dim_contoso_product,I,
1293,Contoso Telephoto Conversion Lens X400 Silver,contoso telephoto conversion lens x400 silver,0406047,Contoso,4,406,dim_contoso_product,I,
1294,Contoso Telephoto Conversion Lens X400 White,contoso telephoto conversion lens x400 white,0406048,Contoso,4,406,dim_contoso_product,I,
1295,Contoso Telephoto Conversion Lens X400 Black,contoso telephoto conversion lens x400 black,0406049,Contoso,4,406,dim_contoso_product,I,
1296,Contoso USB Cable M250 Black,contoso usb cable m250 black,0406050,Contoso,4,406,dim_contoso_product,I,
1297,Contoso USB Cable M250 White,contoso usb cable m250 white,0406051,Contoso,4,406,dim_contoso_product,I,
1298,Contoso USB Cable M250 Yellow,contoso usb cable m250 yellow,0406052,Contoso,4,406,dim_contoso_product,I,
1299,Contoso USB Cable M250 Blue,contoso usb cable m250 blue,0406053,Contoso,4,406,dim_contoso_product,I,
1300,Contoso Telephoto Conversion Lens M350 Black,contoso telephoto conversion lens m350 black,0406054,Contoso,4,406,dim_contoso_product,I,
1301,Contoso Telephoto Conversion Lens M350 White,contoso telephoto conversion lens m350 white,0406055,Contoso,4,406,dim_contoso_product,I,
1302,Contoso Telephoto Conversion Lens M350 Silver,contoso telephoto conversion lens m350 silver,0406056,Contoso,4,406,dim_contoso_product,I,
1303,Contoso Telephoto Conversion Lens M350 Blue,contoso telephoto conversion lens m350 blue,0406057,Contoso,4,406,dim_contoso_product,I,
1304,Contoso Lens Adapter M450 White,contoso lens adapter m450 white,0406058,Contoso,4,406,dim_contoso_product,I,
1305,Contoso Lens Adapter M450 Silver,contoso lens adapter m450 silver,0406059,Contoso,4,406,dim_contoso_product,I,
1306,Contoso Lens Adapter M450 Black,contoso lens adapter m450 black,0406060,Contoso,4,406,dim_contoso_product,I,
1307,Contoso Lens Adapter M450 Grey,contoso lens adapter m450 grey,0406061,Contoso,4,406,dim_contoso_product,I,
1308,Contoso Digital Camera/Camcorder USB Cable E324 Purple,contoso digital camera/camcorder usb cable e324 purple,0406062,Contoso,4,406,dim_contoso_product,I,
1309,Contoso Digital Camera/Camcorder USB Cable E324 Black,contoso digital camera/camcorder usb cable e324 black,0406063,Contoso,4,406,dim_contoso_product,I,
1310,Contoso Digital Camera/Camcorder USB Cable E324 Silver,contoso digital camera/camcorder usb cable e324 silver,0406064,Contoso,4,406,dim_contoso_product,I,
1311,Contoso Digital Camera/Camcorder USB Cable E324 White,contoso digital camera/camcorder usb cable e324 white,0406065,Contoso,4,406,dim_contoso_product,I,
1312,Contoso Conversion Lens M550 Blue,contoso conversion lens m550 blue,0406066,Contoso,4,406,dim_contoso_product,I,
1313,Contoso Conversion Lens M550 Black,contoso conversion lens m550 black,0406067,Contoso,4,406,dim_contoso_product,I,
1314,Contoso Conversion Lens M550 Silver,contoso conversion lens m550 silver,0406068,Contoso,4,406,dim_contoso_product,I,
1315,Contoso Conversion Lens M550 Pink,contoso conversion lens m550 pink,0406069,Contoso,4,406,dim_contoso_product,I,
1316,Contoso Single-line phones E10 Black,contoso single-line phones e10 black,0501001,Contoso,5,501,dim_contoso_product,I,
1317,Contoso Dual Handset Cordless Phone System  E20 Black,contoso dual handset cordless phone system  e20 black,0501002,Contoso,5,501,dim_contoso_product,I,
1318,Contoso 3 Handset Cordless Phone System  E30 Black,contoso 3 handset cordless phone system  e30 black,0501003,Contoso,5,501,dim_contoso_product,I,
1319,Contoso Multi-line phones M30 Black,contoso multi-line phones m30 black,0501004,Contoso,5,501,dim_contoso_product,I,
1320,Contoso KSU-less key system M38 Black,contoso ksu-less key system m38 black,0501005,Contoso,5,501,dim_contoso_product,I,
1321,Contoso Hybrid system M60 Black,contoso hybrid system m60 black,0501006,Contoso,5,501,dim_contoso_product,I,
1322,Contoso Private Branch Exchange M88 Black,contoso private branch exchange m88 black,0501007,Contoso,5,501,dim_contoso_product,I,
1323,Contoso 4 Handset Cordless Phone System M86 Black,contoso 4 handset cordless phone system m86 black,0501008,Contoso,5,501,dim_contoso_product,I,
1324,Contoso Private Automatic Branch Exchange M65 Black,contoso private automatic branch exchange m65 black,0501009,Contoso,5,501,dim_contoso_product,I,
1325,Contoso Electronic Private Automatic Branch Exchange M90 Black,contoso electronic private automatic branch exchange m90 black,0501010,Contoso,5,501,dim_contoso_product,I,
1326,Contoso Centrex Phone System L10 Black,contoso centrex phone system l10 black,0501011,Contoso,5,501,dim_contoso_product,I,
1327,Contoso In front of Centrex L15 Black,contoso in front of centrex l15 black,0501012,Contoso,5,501,dim_contoso_product,I,
1328,Contoso behind Centrex X15 Black,contoso behind centrex x15 black,0501013,Contoso,5,501,dim_contoso_product,I,
1329,Contoso Phone with 13-Number Memory (210) M301 Black,contoso phone with 13-number memory (210) m301 black,0501014,Contoso,5,501,dim_contoso_product,I,
1330,Contoso Expandable Cordless Phone System M008 Black,contoso expandable cordless phone system m008 black,0501015,Contoso,5,501,dim_contoso_product,I,
1331,Contoso Phone System Accessory Handset with Charger M308 Black,contoso phone system accessory handset with charger m308 black,0501016,Contoso,5,501,dim_contoso_product,I,
1332,Contoso 2-Line Corded Cordless Telephone M202 Black,contoso 2-line corded cordless telephone m202 black,0501017,Contoso,5,501,dim_contoso_product,I,
1333,Contoso 4-Line Corded Cordless Telephone M203 Black,contoso 4-line corded cordless telephone m203 black,0501018,Contoso,5,501,dim_contoso_product,I,
1334,Contoso Expandable 3-Handset Cordless Phone System M204 Black,contoso expandable 3-handset cordless phone system m204 black,0501019,Contoso,5,501,dim_contoso_product,I,
1335,Contoso Expandable 2-Handset Cordless Phone System M205 Black,contoso expandable 2-handset cordless phone system m205 black,0501020,Contoso,5,501,dim_contoso_product,I,
1336,Contoso Expandable 4-Handset Cordless Phone System M206 Black,contoso expandable 4-handset cordless phone system m206 black,0501021,Contoso,5,501,dim_contoso_product,I,
1337,Contoso Expandable1-Handset Cordless Phone System M207 Black,contoso expandable1-handset cordless phone system m207 black,0501022,Contoso,5,501,dim_contoso_product,I,
1338,Contoso Digital Cordless Expansion Handset Phone M900 Black,contoso digital cordless expansion handset phone m900 black,0501023,Contoso,5,501,dim_contoso_product,I,
1339,Contoso 2-Line Speakerphone M109 Black,contoso 2-line speakerphone m109 black,0501024,Contoso,5,501,dim_contoso_product,I,
1340,Contoso Phone with Memory Dialing-single line E88 Black,contoso phone with memory dialing-single line e88 black,0501025,Contoso,5,501,dim_contoso_product,I,
1341,Contoso Phone with Memory Dialing-2 lines E90 Black,contoso phone with memory dialing-2 lines e90 black,0501026,Contoso,5,501,dim_contoso_product,I,
1342,Contoso Integrated Business Phone With card L10 Black,contoso integrated business phone with card l10 black,0501027,Contoso,5,501,dim_contoso_product,I,
1343,Contoso Integrated Business Phone L08 Black,contoso integrated business phone l08 black,0501028,Contoso,5,501,dim_contoso_product,I,
1344,Contoso Phone for MSN E200 Black,contoso phone for msn e200 black,0501029,Contoso,5,501,dim_contoso_product,I,
1345,Contoso 4-Line Expandable Cordless Phone System M900 Black,contoso 4-line expandable cordless phone system m900 black,0501030,Contoso,5,501,dim_contoso_product,I,
1346,Contoso Lifestyles Series - Big Button Cordless phone M800 Black,contoso lifestyles series - big button cordless phone m800 black,0501031,Contoso,5,501,dim_contoso_product,I,
1347,Contoso Bedroom Phone with AM/FM Stereo and Call Waiting Caller ID M600 Black,contoso bedroom phone with am/fm stereo and call waiting caller id m600 black,0501032,Contoso,5,501,dim_contoso_product,I,
1348,Contoso Waterproof Accessory Handset and Charging Cradle M609 Black,contoso waterproof accessory handset and charging cradle m609 black,0501033,Contoso,5,501,dim_contoso_product,I,
1349,Contoso Single-line phones E10 White,contoso single-line phones e10 white,0501034,Contoso,5,501,dim_contoso_product,I,
1350,Contoso Dual Handset Cordless Phone System E20 White,contoso dual handset cordless phone system e20 white,0501035,Contoso,5,501,dim_contoso_product,I,
1351,Contoso 3 Handset Cordless Phone System E30 White,contoso 3 handset cordless phone system e30 white,0501036,Contoso,5,501,dim_contoso_product,I,
1352,Contoso Multi-line phones M30 White,contoso multi-line phones m30 white,0501037,Contoso,5,501,dim_contoso_product,I,
1353,Contoso KSU-less key system M38 White,contoso ksu-less key system m38 white,0501038,Contoso,5,501,dim_contoso_product,I,
1354,Contoso Hybrid system M60 White,contoso hybrid system m60 white,0501039,Contoso,5,501,dim_contoso_product,I,
1355,Contoso Private Branch Exchange M88 White,contoso private branch exchange m88 white,0501040,Contoso,5,501,dim_contoso_product,I,
1356,Contoso 4 Handset Cordless Phone System M86 White,contoso 4 handset cordless phone system m86 white,0501041,Contoso,5,501,dim_contoso_product,I,
1357,Contoso Private Automatic Branch Exchange M65 White,contoso private automatic branch exchange m65 white,0501042,Contoso,5,501,dim_contoso_product,I,
1358,Contoso Electronic Private Automatic Branch Exchange M90 White,contoso electronic private automatic branch exchange m90 white,0501043,Contoso,5,501,dim_contoso_product,I,
1359,Contoso Centrex Phone System L10 White,contoso centrex phone system l10 white,0501044,Contoso,5,501,dim_contoso_product,I,
1360,Contoso In front of Centrex L15 White,contoso in front of centrex l15 white,0501045,Contoso,5,501,dim_contoso_product,I,
1361,Contoso Behind Centrex X15 White,contoso behind centrex x15 white,0501046,Contoso,5,501,dim_contoso_product,I,
1362,Contoso Phone with 13-Number Memory (210) M301 White,contoso phone with 13-number memory (210) m301 white,0501047,Contoso,5,501,dim_contoso_product,I,
1363,Contoso Expandable Cordless Phone System M008 White,contoso expandable cordless phone system m008 white,0501048,Contoso,5,501,dim_contoso_product,I,
1364,Contoso Phone System Accessory Handset with Charger M308 White,contoso phone system accessory handset with charger m308 white,0501049,Contoso,5,501,dim_contoso_product,I,
1365,Contoso 2-Line Corded Cordless Telephone M202 White,contoso 2-line corded cordless telephone m202 white,0501050,Contoso,5,501,dim_contoso_product,I,
1366,Contoso 4-Line Corded Cordless Telephone M203 White,contoso 4-line corded cordless telephone m203 white,0501051,Contoso,5,501,dim_contoso_product,I,
1367,Contoso Expandable 3-Handset Cordless Phone System M204 White,contoso expandable 3-handset cordless phone system m204 white,0501052,Contoso,5,501,dim_contoso_product,I,
1368,Contoso Expandable 2-Handset Cordless Phone System M205 White,contoso expandable 2-handset cordless phone system m205 white,0501053,Contoso,5,501,dim_contoso_product,I,
1369,Contoso Expandable 4-Handset Cordless Phone System M206 White,contoso expandable 4-handset cordless phone system m206 white,0501054,Contoso,5,501,dim_contoso_product,I,
1370,Contoso Expandable1-Handset Cordless Phone System M207 White,contoso expandable1-handset cordless phone system m207 white,0501055,Contoso,5,501,dim_contoso_product,I,
1371,Contoso Digital Cordless Expansion Handset Phone M900 White,contoso digital cordless expansion handset phone m900 white,0501056,Contoso,5,501,dim_contoso_product,I,
1372,Contoso 2-Line Speakerphone M109 White,contoso 2-line speakerphone m109 white,0501057,Contoso,5,501,dim_contoso_product,I,
1373,Contoso Phone with Memory Dialing-single line E88 White,contoso phone with memory dialing-single line e88 white,0501058,Contoso,5,501,dim_contoso_product,I,
1374,Contoso Phone with Memory Dialing-2 lines E90 White,contoso phone with memory dialing-2 lines e90 white,0501059,Contoso,5,501,dim_contoso_product,I,
1375,Contoso Integrated Business Phone With card L10 White,contoso integrated business phone with card l10 white,0501060,Contoso,5,501,dim_contoso_product,I,
1376,Contoso Integrated Business Phone L08 White,contoso integrated business phone l08 white,0501061,Contoso,5,501,dim_contoso_product,I,
1377,Contoso Phone for MSN E200 White,contoso phone for msn e200 white,0501062,Contoso,5,501,dim_contoso_product,I,
1378,Contoso 4-Line Expandable Cordless Phone System M900 White,contoso 4-line expandable cordless phone system m900 white,0501063,Contoso,5,501,dim_contoso_product,I,
1379,Contoso Lifestyles Series - Big Button Cordless phone M800 White,contoso lifestyles series - big button cordless phone m800 white,0501064,Contoso,5,501,dim_contoso_product,I,
1380,Contoso Bedroom Phone with AM/FM Stereo and Call Waiting Caller ID M600 White,contoso bedroom phone with am/fm stereo and call waiting caller id m600 white,0501065,Contoso,5,501,dim_contoso_product,I,
1381,Contoso Waterproof Accessory Handset and Charging Cradle M609 White,contoso waterproof accessory handset and charging cradle m609 white,0501066,Contoso,5,501,dim_contoso_product,I,
1382,Contoso Single-line phones E10 Grey,contoso single-line phones e10 grey,0501067,Contoso,5,501,dim_contoso_product,I,
1383,Contoso Dual Handset Cordless Phone System E20 Grey,contoso dual handset cordless phone system e20 grey,0501068,Contoso,5,501,dim_contoso_product,I,
1384,Contoso 3 Handset Cordless Phone System E30 Grey,contoso 3 handset cordless phone system e30 grey,0501069,Contoso,5,501,dim_contoso_product,I,
1385,Contoso Multi-line phones M30 Grey,contoso multi-line phones m30 grey,0501070,Contoso,5,501,dim_contoso_product,I,
1386,Contoso KSU-less key system M38 Grey,contoso ksu-less key system m38 grey,0501071,Contoso,5,501,dim_contoso_product,I,
1387,Contoso Hybrid system M60 Grey,contoso hybrid system m60 grey,0501072,Contoso,5,501,dim_contoso_product,I,
1388,Contoso Private Branch Exchange M88 Grey,contoso private branch exchange m88 grey,0501073,Contoso,5,501,dim_contoso_product,I,
1389,Contoso 4 Handset Cordless Phone System M86 Grey,contoso 4 handset cordless phone system m86 grey,0501074,Contoso,5,501,dim_contoso_product,I,
1390,Contoso Private Automatic Branch Exchange M65 Grey,contoso private automatic branch exchange m65 grey,0501075,Contoso,5,501,dim_contoso_product,I,
1391,Contoso Electronic Private Automatic Branch Exchange M90 Grey,contoso electronic private automatic branch exchange m90 grey,0501076,Contoso,5,501,dim_contoso_product,I,
1392,Contoso Centrex Phone System L10 Grey,contoso centrex phone system l10 grey,0501077,Contoso,5,501,dim_contoso_product,I,
1393,Contoso In front of Centrex L15 Grey,contoso in front of centrex l15 grey,0501078,Contoso,5,501,dim_contoso_product,I,
1394,Contoso behind Centrex X15 Grey,contoso behind centrex x15 grey,0501079,Contoso,5,501,dim_contoso_product,I,
1395,Contoso Phone with 13-Number Memory (210) M301 Grey,contoso phone with 13-number memory (210) m301 grey,0501080,Contoso,5,501,dim_contoso_product,I,
1396,Contoso Expandable Cordless Phone System M008 Grey,contoso expandable cordless phone system m008 grey,0501081,Contoso,5,501,dim_contoso_product,I,
1397,Contoso Phone System Accessory Handset with Charger M308 Grey,contoso phone system accessory handset with charger m308 grey,0501082,Contoso,5,501,dim_contoso_product,I,
1398,Contoso 2-Line Corded Cordless Telephone M202 Grey,contoso 2-line corded cordless telephone m202 grey,0501083,Contoso,5,501,dim_contoso_product,I,
1399,Contoso 4-Line Corded Cordless Telephone M203 Grey,contoso 4-line corded cordless telephone m203 grey,0501084,Contoso,5,501,dim_contoso_product,I,
1400,Contoso Expandable 3-Handset Cordless Phone System M204 Grey,contoso expandable 3-handset cordless phone system m204 grey,0501085,Contoso,5,501,dim_contoso_product,I,
1401,Contoso Expandable 2-Handset Cordless Phone System M205 Grey,contoso expandable 2-handset cordless phone system m205 grey,0501086,Contoso,5,501,dim_contoso_product,I,
1402,Contoso Expandable 4-Handset Cordless Phone System M206 Grey,contoso expandable 4-handset cordless phone system m206 grey,0501087,Contoso,5,501,dim_contoso_product,I,
1403,Contoso Expandable1-Handset Cordless Phone System M207 Grey,contoso expandable1-handset cordless phone system m207 grey,0501088,Contoso,5,501,dim_contoso_product,I,
1404,Contoso Digital Cordless Expansion Handset Phone M900 Grey,contoso digital cordless expansion handset phone m900 grey,0501089,Contoso,5,501,dim_contoso_product,I,
1405,Contoso 2-Line Speakerphone M109 Grey,contoso 2-line speakerphone m109 grey,0501090,Contoso,5,501,dim_contoso_product,I,
1406,Contoso Phone with Memory Dialing-single line E88 Grey,contoso phone with memory dialing-single line e88 grey,0501091,Contoso,5,501,dim_contoso_product,I,
1407,Contoso Phone with Memory Dialing-2 lines E90 Grey,contoso phone with memory dialing-2 lines e90 grey,0501092,Contoso,5,501,dim_contoso_product,I,
1408,"The Phone Company Touch Screen Phone 1600 TFT-2.2"" L200 Black","the phone company touch screen phone 1600 tft-2.2"" l200 black",0503001,The Phone Company,5,503,dim_contoso_product,I,
1409,"The Phone Company Touch Screen Phone 1600 TFT-1.4"" L250 Black","the phone company touch screen phone 1600 tft-1.4"" l250 black",0503002,The Phone Company,5,503,dim_contoso_product,I,
1410,"The Phone Company Touch Screen Phones 26-2.2"" M200 Black","the phone company touch screen phones 26-2.2"" m200 black",0503003,The Phone Company,5,503,dim_contoso_product,I,
1411,"The Phone Company Touch Screen Phones 26-1.4"" M250 Black","the phone company touch screen phones 26-1.4"" m250 black",0503004,The Phone Company,5,503,dim_contoso_product,I,
1412,The Phone Company Touch Screen Phones 4-Wire/On-wall M302 Black,the phone company touch screen phones 4-wire/on-wall m302 black,0503005,The Phone Company,5,503,dim_contoso_product,I,
1413,The Phone Company Touch Screen Phones SAW/Built-in M801 Black,the phone company touch screen phones saw/built-in m801 black,0503006,The Phone Company,5,503,dim_contoso_product,I,
1414,The Phone Company Touch Screen Phones 5-Wire/Built-in M500 Black,the phone company touch screen phones 5-wire/built-in m500 black,0503007,The Phone Company,5,503,dim_contoso_product,I,
1415,The Phone Company Touch Screen Phones Infrared M901 Black,the phone company touch screen phones infrared m901 black,0503008,The Phone Company,5,503,dim_contoso_product,I,
1416,The Phone Company Touch Screen Phones Capacitive M908 Black,the phone company touch screen phones capacitive m908 black,0503009,The Phone Company,5,503,dim_contoso_product,I,
1417,The Phone Company Touch Screen Phones 4-Wire/ Built-in M205 Black,the phone company touch screen phones 4-wire/ built-in m205 black,0503010,The Phone Company,5,503,dim_contoso_product,I,
1418,The Phone Company Touch Screen Phones SAW/On-wall M806 Black,the phone company touch screen phones saw/on-wall m806 black,0503011,The Phone Company,5,503,dim_contoso_product,I,
1419,The Phone Company Touch Screen Phones 5-Wire/On-wall M508 Black,the phone company touch screen phones 5-wire/on-wall m508 black,0503012,The Phone Company,5,503,dim_contoso_product,I,
1420,The Phone Company Finger Touch Screen Phones M30 Black,the phone company finger touch screen phones m30 black,0503013,The Phone Company,5,503,dim_contoso_product,I,
1421,"The Phone Company Pen Touch Screen Phones-2.6"" M320 Black","the phone company pen touch screen phones-2.6"" m320 black",0503014,The Phone Company,5,503,dim_contoso_product,I,
1422,The Phone Company Sharp Touch Screen Phones M910 Black,the phone company sharp touch screen phones m910 black,0503015,The Phone Company,5,503,dim_contoso_product,I,
1423,The Phone Company Touch Screen Phones - CRT M11 Black,the phone company touch screen phones - crt m11 black,0503016,The Phone Company,5,503,dim_contoso_product,I,
1424,The Phone Company Touch Screen Phones - LCD M12 Black,the phone company touch screen phones - lcd m12 black,0503017,The Phone Company,5,503,dim_contoso_product,I,
1425,"The Phone Company Touch Screen Phone 1600 TFT-2.2"" L200 Grey","the phone company touch screen phone 1600 tft-2.2"" l200 grey",0503018,The Phone Company,5,503,dim_contoso_product,I,
1426,"The Phone Company Touch Screen Phone 1600 TFT-1.4"" L250 Grey","the phone company touch screen phone 1600 tft-1.4"" l250 grey",0503019,The Phone Company,5,503,dim_contoso_product,I,
1427,"The Phone Company Touch Screen Phones 26-2.2"" M200 Grey","the phone company touch screen phones 26-2.2"" m200 grey",0503020,The Phone Company,5,503,dim_contoso_product,I,
1428,"The Phone Company Touch Screen Phones 26-1.4"" M250 Grey","the phone company touch screen phones 26-1.4"" m250 grey",0503021,The Phone Company,5,503,dim_contoso_product,I,
1429,The Phone Company Touch Screen Phones 4-Wire/On-wall M302 Grey,the phone company touch screen phones 4-wire/on-wall m302 grey,0503022,The Phone Company,5,503,dim_contoso_product,I,
1430,The Phone Company Touch Screen Phones SAW/Built-in M801 Grey,the phone company touch screen phones saw/built-in m801 grey,0503023,The Phone Company,5,503,dim_contoso_product,I,
1431,The Phone Company Touch Screen Phones 5-Wire/Built-in M500 Grey,the phone company touch screen phones 5-wire/built-in m500 grey,0503024,The Phone Company,5,503,dim_contoso_product,I,
1432,The Phone Company Touch Screen Phones Infrared M901 Grey,the phone company touch screen phones infrared m901 grey,0503025,The Phone Company,5,503,dim_contoso_product,I,
1433,The Phone Company Touch Screen Phones Capacitive M908 Grey,the phone company touch screen phones capacitive m908 grey,0503026,The Phone Company,5,503,dim_contoso_product,I,
1434,The Phone Company Touch Screen Phones 4-Wire/ Built-in M205 Grey,the phone company touch screen phones 4-wire/ built-in m205 grey,0503027,The Phone Company,5,503,dim_contoso_product,I,
1435,The Phone Company Touch Screen Phones SAW/On-wall M806 Grey,the phone company touch screen phones saw/on-wall m806 grey,0503028,The Phone Company,5,503,dim_contoso_product,I,
1436,The Phone Company Touch Screen Phones 5-Wire/On-wall M508 Grey,the phone company touch screen phones 5-wire/on-wall m508 grey,0503029,The Phone Company,5,503,dim_contoso_product,I,
1437,The Phone Company Finger Touch Screen Phones M30 Grey,the phone company finger touch screen phones m30 grey,0503030,The Phone Company,5,503,dim_contoso_product,I,
1438,The Phone Company Pen Touch Screen Phones M320 Grey,the phone company pen touch screen phones m320 grey,0503031,The Phone Company,5,503,dim_contoso_product,I,
1439,The Phone Company Sharp Touch Screen Phones M910 Grey,the phone company sharp touch screen phones m910 grey,0503032,The Phone Company,5,503,dim_contoso_product,I,
1440,The Phone Company Touch Screen Phones - CRT M11 Grey,the phone company touch screen phones - crt m11 grey,0503033,The Phone Company,5,503,dim_contoso_product,I,
1441,The Phone Company Touch Screen Phones - LCD M12 Grey,the phone company touch screen phones - lcd m12 grey,0503034,The Phone Company,5,503,dim_contoso_product,I,
1442,"The Phone Company Touch Screen Phone 1600 TFT-2.2"" L200 Gold","the phone company touch screen phone 1600 tft-2.2"" l200 gold",0503035,The Phone Company,5,503,dim_contoso_product,I,
1443,"The Phone Company Touch Screen Phone 1600 TFT-1.4"" L250 Gold","the phone company touch screen phone 1600 tft-1.4"" l250 gold",0503036,The Phone Company,5,503,dim_contoso_product,I,
1444,"The Phone Company Touch Screen Phones 26-2.2"" M200 Gold","the phone company touch screen phones 26-2.2"" m200 gold",0503037,The Phone Company,5,503,dim_contoso_product,I,
1445,"The Phone Company Touch Screen Phones 26-1.4"" M250 Gold","the phone company touch screen phones 26-1.4"" m250 gold",0503038,The Phone Company,5,503,dim_contoso_product,I,
1446,The Phone Company Touch Screen Phones 4-Wire/On-wall M302 Gold,the phone company touch screen phones 4-wire/on-wall m302 gold,0503039,The Phone Company,5,503,dim_contoso_product,I,
1447,The Phone Company Touch Screen Phones SAW/Built-in M801 Gold,the phone company touch screen phones saw/built-in m801 gold,0503040,The Phone Company,5,503,dim_contoso_product,I,
1448,The Phone Company Touch Screen Phones 5-Wire/Built-in M500 Gold,the phone company touch screen phones 5-wire/built-in m500 gold,0503041,The Phone Company,5,503,dim_contoso_product,I,
1449,The Phone Company Touch Screen Phones Infrared M901 Gold,the phone company touch screen phones infrared m901 gold,0503042,The Phone Company,5,503,dim_contoso_product,I,
1450,The Phone Company Touch Screen Phones Capacitive M908 Gold,the phone company touch screen phones capacitive m908 gold,0503043,The Phone Company,5,503,dim_contoso_product,I,
1451,The Phone Company Touch Screen Phones 4-Wire/ Built-in M205 Gold,the phone company touch screen phones 4-wire/ built-in m205 gold,0503044,The Phone Company,5,503,dim_contoso_product,I,
1452,The Phone Company Touch Screen Phones SAW/On-wall M806 Gold,the phone company touch screen phones saw/on-wall m806 gold,0503045,The Phone Company,5,503,dim_contoso_product,I,
1453,The Phone Company Touch Screen Phones 5-Wire/On-wall M508 Gold,the phone company touch screen phones 5-wire/on-wall m508 gold,0503046,The Phone Company,5,503,dim_contoso_product,I,
1454,The Phone Company Finger Touch Screen Phones M30 Gold,the phone company finger touch screen phones m30 gold,0503047,The Phone Company,5,503,dim_contoso_product,I,
1455,The Phone Company Pen Touch Screen Phones M320 Gold,the phone company pen touch screen phones m320 gold,0503048,The Phone Company,5,503,dim_contoso_product,I,
1456,The Phone Company Sharp Touch Screen Phones M910 Gold,the phone company sharp touch screen phones m910 gold,0503049,The Phone Company,5,503,dim_contoso_product,I,
1457,The Phone Company Touch Screen Phones - CRT M11 Gold,the phone company touch screen phones - crt m11 gold,0503050,The Phone Company,5,503,dim_contoso_product,I,
1458,The Phone Company Touch Screen Phones - LCD M12 Gold,the phone company touch screen phones - lcd m12 gold,0503051,The Phone Company,5,503,dim_contoso_product,I,
1459,Contoso Touch Screen Phones 5-Wire/Built-in M500 Black,contoso touch screen phones 5-wire/built-in m500 black,0503052,Contoso,5,503,dim_contoso_product,I,
1460,Contoso Touch Screen Phones Infrared M901 Black,contoso touch screen phones infrared m901 black,0503053,Contoso,5,503,dim_contoso_product,I,
1461,Contoso Touch Screen Phones Capacitive M908 Black,contoso touch screen phones capacitive m908 black,0503054,Contoso,5,503,dim_contoso_product,I,
1462,Contoso Touch Screen Phones 4-Wire/ Built-in M205 Black,contoso touch screen phones 4-wire/ built-in m205 black,0503055,Contoso,5,503,dim_contoso_product,I,
1463,Contoso Touch Screen Phones SAW/On-wall M806 Black,contoso touch screen phones saw/on-wall m806 black,0503056,Contoso,5,503,dim_contoso_product,I,
1464,Contoso Touch Screen Phones 5-Wire/On-wall M508 Black,contoso touch screen phones 5-wire/on-wall m508 black,0503057,Contoso,5,503,dim_contoso_product,I,
1465,Contoso Finger Touch Screen Phones M30 Black,contoso finger touch screen phones m30 black,0503058,Contoso,5,503,dim_contoso_product,I,
1466,Contoso Pen Touch Screen Phones M320 Black,contoso pen touch screen phones m320 black,0503059,Contoso,5,503,dim_contoso_product,I,
1467,Contoso Sharp Touch Screen Phones M910 Black,contoso sharp touch screen phones m910 black,0503060,Contoso,5,503,dim_contoso_product,I,
1468,Contoso Touch Screen Phones - CRT M11 Black,contoso touch screen phones - crt m11 black,0503061,Contoso,5,503,dim_contoso_product,I,
1469,Contoso Touch Screen Phones  - LCD M12 Black,contoso touch screen phones  - lcd m12 black,0503062,Contoso,5,503,dim_contoso_product,I,
1470,The Phone Company Smart phones without camera E100 Black,the phone company smart phones without camera e100 black,0504001,The Phone Company,5,504,dim_contoso_product,I,
1471,The Phone Company Microsoft Windows Mobile M200 Black,the phone company microsoft windows mobile m200 black,0504002,The Phone Company,5,504,dim_contoso_product,I,
1472,The Phone Company Smart phones 4 GB of Memory M300 Black,the phone company smart phones 4 gb of memory m300 black,0504003,The Phone Company,5,504,dim_contoso_product,I,
1473,The Phone Company Smart phones 8 GB of Memory M400 Black,the phone company smart phones 8 gb of memory m400 black,0504004,The Phone Company,5,504,dim_contoso_product,I,
1474,The Phone Company Smart phones 160x160 M26 Black,the phone company smart phones 160x160 m26 black,0504005,The Phone Company,5,504,dim_contoso_product,I,
1475,The Phone Company Smart phones 6-LINE SCREEN M21 Black,the phone company smart phones 6-line screen m21 black,0504006,The Phone Company,5,504,dim_contoso_product,I,
1476,The Phone Company Smart phones -320 x 320 M86 Black,the phone company smart phones -320 x 320 m86 black,0504007,The Phone Company,5,504,dim_contoso_product,I,
1477,The Phone Company Smart phones Unlocked M300 Black,the phone company smart phones unlocked m300 black,0504008,The Phone Company,5,504,dim_contoso_product,I,
1478,The Phone Company Smart phones Expert M400 Black,the phone company smart phones expert m400 black,0504009,The Phone Company,5,504,dim_contoso_product,I,
1479,The Phone Company Smart phones Unlocked International M800 Black,the phone company smart phones unlocked international m800 black,0504010,The Phone Company,5,504,dim_contoso_product,I,
1480,The Phone Company Smart phones without camera E100 Grey,the phone company smart phones without camera e100 grey,0504011,The Phone Company,5,504,dim_contoso_product,I,
1481,The Phone Company Microsoft Windows Mobile M200 Grey,the phone company microsoft windows mobile m200 grey,0504012,The Phone Company,5,504,dim_contoso_product,I,
1482,The Phone Company Smart phones 4 GB of Memory M300 Grey,the phone company smart phones 4 gb of memory m300 grey,0504013,The Phone Company,5,504,dim_contoso_product,I,
1483,The Phone Company Smart phones 8 GB of Memory M400 Grey,the phone company smart phones 8 gb of memory m400 grey,0504014,The Phone Company,5,504,dim_contoso_product,I,
1484,The Phone Company Smart phones 160x160 M26 Grey,the phone company smart phones 160x160 m26 grey,0504015,The Phone Company,5,504,dim_contoso_product,I,
1485,The Phone Company Smart phones 6-LINE SCREEN M21 Grey,the phone company smart phones 6-line screen m21 grey,0504016,The Phone Company,5,504,dim_contoso_product,I,
1486,The Phone Company Smart phones 320 x 320 M86 Grey,the phone company smart phones 320 x 320 m86 grey,0504017,The Phone Company,5,504,dim_contoso_product,I,
1487,The Phone Company Smart phones Unlocked M300 Grey,the phone company smart phones unlocked m300 grey,0504018,The Phone Company,5,504,dim_contoso_product,I,
1488,The Phone Company Smart phones Expert M400 Grey,the phone company smart phones expert m400 grey,0504019,The Phone Company,5,504,dim_contoso_product,I,
1489,The Phone Company Smart phones Unlocked International M800 Grey,the phone company smart phones unlocked international m800 grey,0504020,The Phone Company,5,504,dim_contoso_product,I,
1490,The Phone Company Smart phones without camera E100 White,the phone company smart phones without camera e100 white,0504021,The Phone Company,5,504,dim_contoso_product,I,
1491,The Phone Company Microsoft Windows Mobile M200 White,the phone company microsoft windows mobile m200 white,0504022,The Phone Company,5,504,dim_contoso_product,I,
1492,The Phone Company Smart phones 4 GB of Memory M300 White,the phone company smart phones 4 gb of memory m300 white,0504023,The Phone Company,5,504,dim_contoso_product,I,
1493,The Phone Company Smart phones 8 GB of Memory M400 White,the phone company smart phones 8 gb of memory m400 white,0504024,The Phone Company,5,504,dim_contoso_product,I,
1494,The Phone Company Smart phones 160x160 M26 White,the phone company smart phones 160x160 m26 white,0504025,The Phone Company,5,504,dim_contoso_product,I,
1495,The Phone Company Smart phones 6-LINE SCREEN M21 White,the phone company smart phones 6-line screen m21 white,0504026,The Phone Company,5,504,dim_contoso_product,I,
1496,The Phone Company Smart phones 320 x 320 M86 White,the phone company smart phones 320 x 320 m86 white,0504027,The Phone Company,5,504,dim_contoso_product,I,
1497,The Phone Company Smart phones Unlocked M300 White,the phone company smart phones unlocked m300 white,0504028,The Phone Company,5,504,dim_contoso_product,I,
1498,The Phone Company Smart phones Expert M400 White,the phone company smart phones expert m400 white,0504029,The Phone Company,5,504,dim_contoso_product,I,
1499,The Phone Company Smart phones Unlocked International M800 White,the phone company smart phones unlocked international m800 white,0504030,The Phone Company,5,504,dim_contoso_product,I,
1500,The Phone Company Smart phones without camera E100 Pink,the phone company smart phones without camera e100 pink,0504031,The Phone Company,5,504,dim_contoso_product,I,
1501,The Phone Company Microsoft Windows Mobile M200 Pink,the phone company microsoft windows mobile m200 pink,0504032,The Phone Company,5,504,dim_contoso_product,I,
1502,The Phone Company Smart phones 4 GB of Memory M300 Pink,the phone company smart phones 4 gb of memory m300 pink,0504033,The Phone Company,5,504,dim_contoso_product,I,
1503,The Phone Company Smart phones 8 GB of Memory M400 Pink,the phone company smart phones 8 gb of memory m400 pink,0504034,The Phone Company,5,504,dim_contoso_product,I,
1504,The Phone Company Smart phones 160x160 M26 Pink,the phone company smart phones 160x160 m26 pink,0504035,The Phone Company,5,504,dim_contoso_product,I,
1505,The Phone Company Smart phones 6-LINE SCREEN M21 Pink,the phone company smart phones 6-line screen m21 pink,0504036,The Phone Company,5,504,dim_contoso_product,I,
1506,The Phone Company Smart phones 320 x 320 M86 Pink,the phone company smart phones 320 x 320 m86 pink,0504037,The Phone Company,5,504,dim_contoso_product,I,
1507,The Phone Company Smart phones Unlocked M300 Pink,the phone company smart phones unlocked m300 pink,0504038,The Phone Company,5,504,dim_contoso_product,I,
1508,The Phone Company Smart phones Expert M400 Pink,the phone company smart phones expert m400 pink,0504039,The Phone Company,5,504,dim_contoso_product,I,
1509,The Phone Company Smart phones Unlocked International M800 Pink,the phone company smart phones unlocked international m800 pink,0504040,The Phone Company,5,504,dim_contoso_product,I,
1510,The Phone Company Smart phones without camera E100 Gold,the phone company smart phones without camera e100 gold,0504041,The Phone Company,5,504,dim_contoso_product,I,
1511,The Phone Company Microsoft Windows Mobile M200 Gold,the phone company microsoft windows mobile m200 gold,0504042,The Phone Company,5,504,dim_contoso_product,I,
1512,The Phone Company Smart phones 4 GB of Memory M300 Gold,the phone company smart phones 4 gb of memory m300 gold,0504043,The Phone Company,5,504,dim_contoso_product,I,
1513,The Phone Company Smart phones 8 GB of Memory M400 Gold,the phone company smart phones 8 gb of memory m400 gold,0504044,The Phone Company,5,504,dim_contoso_product,I,
1514,The Phone Company Smart phones 160x160 M26 Gold,the phone company smart phones 160x160 m26 gold,0504045,The Phone Company,5,504,dim_contoso_product,I,
1515,The Phone Company Smart phones 6-LINE SCREEN M21 Gold,the phone company smart phones 6-line screen m21 gold,0504046,The Phone Company,5,504,dim_contoso_product,I,
1516,The Phone Company Smart phones 320 x 320 M86 Gold,the phone company smart phones 320 x 320 m86 gold,0504047,The Phone Company,5,504,dim_contoso_product,I,
1517,The Phone Company Smart phones Unlocked M300 Gold,the phone company smart phones unlocked m300 gold,0504048,The Phone Company,5,504,dim_contoso_product,I,
1518,The Phone Company Smart phones Expert M400 Gold,the phone company smart phones expert m400 gold,0504049,The Phone Company,5,504,dim_contoso_product,I,
1519,The Phone Company Smart phones Unlocked International M800 Gold,the phone company smart phones unlocked international m800 gold,0504050,The Phone Company,5,504,dim_contoso_product,I,
1520,The Phone Company PDA Wifi 3.5-inch M200 Black,the phone company pda wifi 3.5-inch m200 black,0504051,The Phone Company,5,504,dim_contoso_product,I,
1521,The Phone Company PDA Wifi 3.7-inch M250 Black,the phone company pda wifi 3.7-inch m250 black,0504052,The Phone Company,5,504,dim_contoso_product,I,
1522,The Phone Company PDA Wifi 4.7-inch L290 Black,the phone company pda wifi 4.7-inch l290 black,0504053,The Phone Company,5,504,dim_contoso_product,I,
1523,The Phone Company PDA Phone 3.5 inches M320 Black,the phone company pda phone 3.5 inches m320 black,0504054,The Phone Company,5,504,dim_contoso_product,I,
1524,The Phone Company PDA Phone 3.7 inches M340 Black,the phone company pda phone 3.7 inches m340 black,0504055,The Phone Company,5,504,dim_contoso_product,I,
1525,The Phone Company PDA Phone 4.7 inches L360 Black,the phone company pda phone 4.7 inches l360 black,0504056,The Phone Company,5,504,dim_contoso_product,I,
1526,The Phone Company PDA Phone Unlocked 3.7 inches M510 Black,the phone company pda phone unlocked 3.7 inches m510 black,0504057,The Phone Company,5,504,dim_contoso_product,I,
1527,The Phone Company PDA Phone Unlocked 3.5 inches M530 Black,the phone company pda phone unlocked 3.5 inches m530 black,0504058,The Phone Company,5,504,dim_contoso_product,I,
1528,The Phone Company PDA Phone Unlocked 4.7 inches L550 Black,the phone company pda phone unlocked 4.7 inches l550 black,0504059,The Phone Company,5,504,dim_contoso_product,I,
1529,The Phone Company PDA Handheld 3.5 inch M610 Black,the phone company pda handheld 3.5 inch m610 black,0504060,The Phone Company,5,504,dim_contoso_product,I,
1530,The Phone Company PDA Handheld 3.7 inch M630 Black,the phone company pda handheld 3.7 inch m630 black,0504061,The Phone Company,5,504,dim_contoso_product,I,
1531,The Phone Company PDA Handheld 4.7 inch L650 Black,the phone company pda handheld 4.7 inch l650 black,0504062,The Phone Company,5,504,dim_contoso_product,I,
1532,The Phone Company PDA Palm 3.5 inch M810 Black,the phone company pda palm 3.5 inch m810 black,0504063,The Phone Company,5,504,dim_contoso_product,I,
1533,The Phone Company PDA Palm 3.7 inch M830 Black,the phone company pda palm 3.7 inch m830 black,0504064,The Phone Company,5,504,dim_contoso_product,I,
1534,The Phone Company PDA Palm 4.7 inch L850 Black,the phone company pda palm 4.7 inch l850 black,0504065,The Phone Company,5,504,dim_contoso_product,I,
1535,The Phone Company PDA GPS Phone 3.5 inch M910 Black,the phone company pda gps phone 3.5 inch m910 black,0504066,The Phone Company,5,504,dim_contoso_product,I,
1536,The Phone Company PDA GPS Phone 3.7 inch M930 Black,the phone company pda gps phone 3.7 inch m930 black,0504067,The Phone Company,5,504,dim_contoso_product,I,
1537,The Phone Company PDA GPS Phone 4.7 inch L950 Black,the phone company pda gps phone 4.7 inch l950 black,0504068,The Phone Company,5,504,dim_contoso_product,I,
1538,The Phone Company PDA Wifi 3.5-inch M200 Silver,the phone company pda wifi 3.5-inch m200 silver,0504069,The Phone Company,5,504,dim_contoso_product,I,
1539,The Phone Company PDA Wifi 3.7-inch M250 Silver,the phone company pda wifi 3.7-inch m250 silver,0504070,The Phone Company,5,504,dim_contoso_product,I,
1540,The Phone Company PDA Wifi 4.7-inch L290 Silver,the phone company pda wifi 4.7-inch l290 silver,0504071,The Phone Company,5,504,dim_contoso_product,I,
1541,The Phone Company PDA Phone 3.5 inches M320 Silver,the phone company pda phone 3.5 inches m320 silver,0504072,The Phone Company,5,504,dim_contoso_product,I,
1542,The Phone Company PDA Phone 3.7 inches M340 Silver,the phone company pda phone 3.7 inches m340 silver,0504073,The Phone Company,5,504,dim_contoso_product,I,
1543,The Phone Company PDA Phone 4.7 inches L360 Silver,the phone company pda phone 4.7 inches l360 silver,0504074,The Phone Company,5,504,dim_contoso_product,I,
1544,The Phone Company PDA Phone Unlocked 3.7 inches M510 Silver,the phone company pda phone unlocked 3.7 inches m510 silver,0504075,The Phone Company,5,504,dim_contoso_product,I,
1545,The Phone Company PDA Phone Unlocked 3.5 inches M530 Silver,the phone company pda phone unlocked 3.5 inches m530 silver,0504076,The Phone Company,5,504,dim_contoso_product,I,
1546,The Phone Company PDA Phone Unlocked 4.7 inches L550 Silver,the phone company pda phone unlocked 4.7 inches l550 silver,0504077,The Phone Company,5,504,dim_contoso_product,I,
1547,The Phone Company PDA Handheld 3.5 inch M610 Silver,the phone company pda handheld 3.5 inch m610 silver,0504078,The Phone Company,5,504,dim_contoso_product,I,
1548,The Phone Company PDA Handheld 3.7 inch M630 Silver,the phone company pda handheld 3.7 inch m630 silver,0504079,The Phone Company,5,504,dim_contoso_product,I,
1549,The Phone Company PDA Handheld 4.7 inch L650 Silver,the phone company pda handheld 4.7 inch l650 silver,0504080,The Phone Company,5,504,dim_contoso_product,I,
1550,The Phone Company PDA Palm 3.5 inch M810 Silver,the phone company pda palm 3.5 inch m810 silver,0504081,The Phone Company,5,504,dim_contoso_product,I,
1551,The Phone Company PDA Palm 3.7 inch M830 Silver,the phone company pda palm 3.7 inch m830 silver,0504082,The Phone Company,5,504,dim_contoso_product,I,
1552,The Phone Company PDA Palm 4.7 inch L850 Silver,the phone company pda palm 4.7 inch l850 silver,0504083,The Phone Company,5,504,dim_contoso_product,I,
1553,The Phone Company PDA GPS Phone 3.5 inch M910 Silver,the phone company pda gps phone 3.5 inch m910 silver,0504084,The Phone Company,5,504,dim_contoso_product,I,
1554,The Phone Company PDA GPS Phone 3.7 inch M930 Silver,the phone company pda gps phone 3.7 inch m930 silver,0504085,The Phone Company,5,504,dim_contoso_product,I,
1555,The Phone Company PDA GPS Phone 4.7 inch L950 Silver,the phone company pda gps phone 4.7 inch l950 silver,0504086,The Phone Company,5,504,dim_contoso_product,I,
1556,The Phone Company PDA Wifi 3.5-inch M200 White,the phone company pda wifi 3.5-inch m200 white,0504087,The Phone Company,5,504,dim_contoso_product,I,
1557,The Phone Company PDA Wifi 3.7-inch M250 White,the phone company pda wifi 3.7-inch m250 white,0504088,The Phone Company,5,504,dim_contoso_product,I,
1558,The Phone Company PDA Wifi 4.7-inch L290 White,the phone company pda wifi 4.7-inch l290 white,0504089,The Phone Company,5,504,dim_contoso_product,I,
1559,The Phone Company PDA Phone 3.5 inches M320 White,the phone company pda phone 3.5 inches m320 white,0504090,The Phone Company,5,504,dim_contoso_product,I,
1560,The Phone Company PDA Phone 3.7 inches M340 White,the phone company pda phone 3.7 inches m340 white,0504091,The Phone Company,5,504,dim_contoso_product,I,
1561,The Phone Company PDA Phone 4.7 inches L360 White,the phone company pda phone 4.7 inches l360 white,0504092,The Phone Company,5,504,dim_contoso_product,I,
1562,The Phone Company PDA Phone Unlocked 3.7 inches M510 White,the phone company pda phone unlocked 3.7 inches m510 white,0504093,The Phone Company,5,504,dim_contoso_product,I,
1563,The Phone Company PDA Phone Unlocked 3.5 inches M530 White,the phone company pda phone unlocked 3.5 inches m530 white,0504094,The Phone Company,5,504,dim_contoso_product,I,
1564,The Phone Company PDA Phone Unlocked 4.7 inches L550 White,the phone company pda phone unlocked 4.7 inches l550 white,0504095,The Phone Company,5,504,dim_contoso_product,I,
1565,The Phone Company PDA Handheld 3.5 inch M610 White,the phone company pda handheld 3.5 inch m610 white,0504096,The Phone Company,5,504,dim_contoso_product,I,
1566,The Phone Company PDA Handheld 3.7 inch M630 White,the phone company pda handheld 3.7 inch m630 white,0504097,The Phone Company,5,504,dim_contoso_product,I,
1567,The Phone Company PDA Handheld 4.7 inch L650 White,the phone company pda handheld 4.7 inch l650 white,0504098,The Phone Company,5,504,dim_contoso_product,I,
1568,The Phone Company PDA Palm 3.5 inch M810 White,the phone company pda palm 3.5 inch m810 white,0504099,The Phone Company,5,504,dim_contoso_product,I,
1569,The Phone Company PDA Palm 3.7 inch M830 White,the phone company pda palm 3.7 inch m830 white,0504100,The Phone Company,5,504,dim_contoso_product,I,
1570,The Phone Company PDA Palm 4.7 inch L850 White,the phone company pda palm 4.7 inch l850 white,0504101,The Phone Company,5,504,dim_contoso_product,I,
1571,SV DVD Player M100 Black,sv dvd player m100 black,0602001,Southridge Video,6,602,dim_contoso_product,I,
1572,SV DVD Player M110 Silver,sv dvd player m110 silver,0602002,Southridge Video,6,602,dim_contoso_product,I,
1573,SV DVD Player M120 White,sv dvd player m120 white,0602003,Southridge Video,6,602,dim_contoso_product,I,
1574,SV DVD Player M130 Grey,sv dvd player m130 grey,0602004,Southridge Video,6,602,dim_contoso_product,I,
1575,SV DVD Player M140 Gold,sv dvd player m140 gold,0602005,Southridge Video,6,602,dim_contoso_product,I,
1576,SV DVD Movies E100 Yellow,sv dvd movies e100 yellow,0602006,Southridge Video,6,602,dim_contoso_product,I,
1577,SV DVD Recorder L200 Black,sv dvd recorder l200 black,0602007,Southridge Video,6,602,dim_contoso_product,I,
1578,SV DVD Recorder L210 Silver,sv dvd recorder l210 silver,0602008,Southridge Video,6,602,dim_contoso_product,I,
1579,SV DVD Recorder L220 White,sv dvd recorder l220 white,0602009,Southridge Video,6,602,dim_contoso_product,I,
1580,SV DVD Recorder L230 Grey,sv dvd recorder l230 grey,0602010,Southridge Video,6,602,dim_contoso_product,I,
1581,SV DVD Recorder L240 Gold,sv dvd recorder l240 gold,0602011,Southridge Video,6,602,dim_contoso_product,I,
1582,SV DVD 48 DVD Storage Binder M50 Black,sv dvd 48 dvd storage binder m50 black,0602012,Southridge Video,6,602,dim_contoso_product,I,
1583,SV DVD 58 DVD Storage Binder M55 Black,sv dvd 58 dvd storage binder m55 black,0602013,Southridge Video,6,602,dim_contoso_product,I,
1584,SV DVD 38 DVD Storage Binder E25 Black,sv dvd 38 dvd storage binder e25 black,0602014,Southridge Video,6,602,dim_contoso_product,I,
1585,SV DVD 60 DVD Storage Binder L20 Black,sv dvd 60 dvd storage binder l20 black,0602015,Southridge Video,6,602,dim_contoso_product,I,
1586,SV DVD 55DVD Storage Binder M56 Black,sv dvd 55dvd storage binder m56 black,0602016,Southridge Video,6,602,dim_contoso_product,I,
1587,SV DVD 48 DVD Storage Binder M50 Silver,sv dvd 48 dvd storage binder m50 silver,0602017,Southridge Video,6,602,dim_contoso_product,I,
1588,SV DVD 58 DVD Storage Binder M55 Silver,sv dvd 58 dvd storage binder m55 silver,0602018,Southridge Video,6,602,dim_contoso_product,I,
1589,SV DVD 38 DVD Storage Binder E25 Silver,sv dvd 38 dvd storage binder e25 silver,0602019,Southridge Video,6,602,dim_contoso_product,I,
1590,SV DVD 60 DVD Storage Binder L20 Silver,sv dvd 60 dvd storage binder l20 silver,0602020,Southridge Video,6,602,dim_contoso_product,I,
1591,SV DVD 55DVD Storage Binder M56 Silver,sv dvd 55dvd storage binder m56 silver,0602021,Southridge Video,6,602,dim_contoso_product,I,
1592,SV DVD 48 DVD Storage Binder M50 Red,sv dvd 48 dvd storage binder m50 red,0602022,Southridge Video,6,602,dim_contoso_product,I,
1593,SV DVD 58 DVD Storage Binder M55 Red,sv dvd 58 dvd storage binder m55 red,0602023,Southridge Video,6,602,dim_contoso_product,I,
1594,SV DVD 38 DVD Storage Binder E25 Red,sv dvd 38 dvd storage binder e25 red,0602024,Southridge Video,6,602,dim_contoso_product,I,
1595,SV DVD 60 DVD Storage Binder L20 Red,sv dvd 60 dvd storage binder l20 red,0602025,Southridge Video,6,602,dim_contoso_product,I,
1596,SV DVD 55DVD Storage Binder M56 Red,sv dvd 55dvd storage binder m56 red,0602026,Southridge Video,6,602,dim_contoso_product,I,
1597,SV DVD External DVD Burner M200 Black,sv dvd external dvd burner m200 black,0602027,Southridge Video,6,602,dim_contoso_product,I,
1598,SV DVD External DVD Burner M200 Grey,sv dvd external dvd burner m200 grey,0602028,Southridge Video,6,602,dim_contoso_product,I,
1599,SV DVD External DVD Burner M200 Blue,sv dvd external dvd burner m200 blue,0602029,Southridge Video,6,602,dim_contoso_product,I,
1600,SV DVD External DVD Burner M200 Silver,sv dvd external dvd burner m200 silver,0602030,Southridge Video,6,602,dim_contoso_product,I,
1601,SV DVD 9-Inch Player Portable M300 Black,sv dvd 9-inch player portable m300 black,0602031,Southridge Video,6,602,dim_contoso_product,I,
1602,SV DVD 12-Inch Player Portable M400 Black,sv dvd 12-inch player portable m400 black,0602032,Southridge Video,6,602,dim_contoso_product,I,
1603,SV DVD 7-Inch Player Portable E200 Black,sv dvd 7-inch player portable e200 black,0602033,Southridge Video,6,602,dim_contoso_product,I,
1604,SV DVD 14-Inch Player Portable L100 Black,sv dvd 14-inch player portable l100 black,0602034,Southridge Video,6,602,dim_contoso_product,I,
1605,SV DVD 15-Inch Player Portable L200 Black,sv dvd 15-inch player portable l200 black,0602035,Southridge Video,6,602,dim_contoso_product,I,
1606,SV DVD 9-Inch Player Portable M300 Silver,sv dvd 9-inch player portable m300 silver,0602036,Southridge Video,6,602,dim_contoso_product,I,
1607,SV DVD 12-Inch Player Portable M400 Silver,sv dvd 12-inch player portable m400 silver,0602037,Southridge Video,6,602,dim_contoso_product,I,
1608,SV DVD 7-Inch Player Portable E200 Silver,sv dvd 7-inch player portable e200 silver,0602038,Southridge Video,6,602,dim_contoso_product,I,
1609,SV DVD 14-Inch Player Portable L100 Silver,sv dvd 14-inch player portable l100 silver,0602039,Southridge Video,6,602,dim_contoso_product,I,
1610,SV DVD 15-Inch Player Portable L200 Silver,sv dvd 15-inch player portable l200 silver,0602040,Southridge Video,6,602,dim_contoso_product,I,
1611,SV DVD 9-Inch Player Portable M300 White,sv dvd 9-inch player portable m300 white,0602041,Southridge Video,6,602,dim_contoso_product,I,
1612,SV DVD 12-Inch Player Portable M400 White,sv dvd 12-inch player portable m400 white,0602042,Southridge Video,6,602,dim_contoso_product,I,
1613,SV DVD 7-Inch Player Portable E200 White,sv dvd 7-inch player portable e200 white,0602043,Southridge Video,6,602,dim_contoso_product,I,
1614,SV DVD 14-Inch Player Portable L100 White,sv dvd 14-inch player portable l100 white,0602044,Southridge Video,6,602,dim_contoso_product,I,
1615,SV DVD 15-Inch Player Portable L200 White,sv dvd 15-inch player portable l200 white,0602045,Southridge Video,6,602,dim_contoso_product,I,
1616,Contoso DVD Player M100 Black,contoso dvd player m100 black,0602046,Contoso,6,602,dim_contoso_product,I,
1617,Contoso DVD Player M110 Silver,contoso dvd player m110 silver,0602047,Contoso,6,602,dim_contoso_product,I,
1618,Contoso DVD Player M120 White,contoso dvd player m120 white,0602048,Contoso,6,602,dim_contoso_product,I,
1619,Contoso DVD Player M130 Grey,contoso dvd player m130 grey,0602049,Contoso,6,602,dim_contoso_product,I,
1620,Contoso DVD Player M140 Gold,contoso dvd player m140 gold,0602050,Contoso,6,602,dim_contoso_product,I,
1621,Contoso DVD Movies E100 Yellow,contoso dvd movies e100 yellow,0602051,Contoso,6,602,dim_contoso_product,I,
1622,Contoso DVD Recorder L200 Black,contoso dvd recorder l200 black,0602052,Contoso,6,602,dim_contoso_product,I,
1623,Contoso DVD Recorder L210 Silver,contoso dvd recorder l210 silver,0602053,Contoso,6,602,dim_contoso_product,I,
1624,Contoso DVD Recorder L220 White,contoso dvd recorder l220 white,0602054,Contoso,6,602,dim_contoso_product,I,
1625,Contoso DVD Recorder L230 Grey,contoso dvd recorder l230 grey,0602055,Contoso,6,602,dim_contoso_product,I,
1626,Contoso DVD Recorder L240 Gold,contoso dvd recorder l240 gold,0602056,Contoso,6,602,dim_contoso_product,I,
1627,Contoso DVD 48 DVD Storage Binder M50 Black,contoso dvd 48 dvd storage binder m50 black,0602057,Contoso,6,602,dim_contoso_product,I,
1628,Contoso DVD 58 DVD Storage Binder M55 Black,contoso dvd 58 dvd storage binder m55 black,0602058,Contoso,6,602,dim_contoso_product,I,
1629,Contoso DVD 38 DVD Storage Binder E25 Black,contoso dvd 38 dvd storage binder e25 black,0602059,Contoso,6,602,dim_contoso_product,I,
1630,Contoso DVD 60 DVD Storage Binder L20 Black,contoso dvd 60 dvd storage binder l20 black,0602060,Contoso,6,602,dim_contoso_product,I,
1631,Contoso DVD 55DVD Storage Binder M56 Black,contoso dvd 55dvd storage binder m56 black,0602061,Contoso,6,602,dim_contoso_product,I,
1632,Contoso DVD 48 DVD Storage Binder M50 Silver,contoso dvd 48 dvd storage binder m50 silver,0602062,Contoso,6,602,dim_contoso_product,I,
1633,Contoso DVD 58 DVD Storage Binder M55 Silver,contoso dvd 58 dvd storage binder m55 silver,0602063,Contoso,6,602,dim_contoso_product,I,
1634,Contoso DVD 38 DVD Storage Binder E25 Silver,contoso dvd 38 dvd storage binder e25 silver,0602064,Contoso,6,602,dim_contoso_product,I,
1635,Contoso DVD 60 DVD Storage Binder L20 Silver,contoso dvd 60 dvd storage binder l20 silver,0602065,Contoso,6,602,dim_contoso_product,I,
1636,Contoso DVD 55DVD Storage Binder M56 Silver,contoso dvd 55dvd storage binder m56 silver,0602066,Contoso,6,602,dim_contoso_product,I,
1637,Contoso DVD 48 DVD Storage Binder M50 Red,contoso dvd 48 dvd storage binder m50 red,0602067,Contoso,6,602,dim_contoso_product,I,
1638,Contoso DVD 58 DVD Storage Binder M55 Red,contoso dvd 58 dvd storage binder m55 red,0602068,Contoso,6,602,dim_contoso_product,I,
1639,Contoso DVD 38 DVD Storage Binder E25 Red,contoso dvd 38 dvd storage binder e25 red,0602069,Contoso,6,602,dim_contoso_product,I,
1640,Contoso DVD 60 DVD Storage Binder L20 Red,contoso dvd 60 dvd storage binder l20 red,0602070,Contoso,6,602,dim_contoso_product,I,
1641,Contoso DVD 55DVD Storage Binder M56 Red,contoso dvd 55dvd storage binder m56 red,0602071,Contoso,6,602,dim_contoso_product,I,
1642,Contoso DVD External DVD Burner M200 Black,contoso dvd external dvd burner m200 black,0602072,Contoso,6,602,dim_contoso_product,I,
1643,Contoso DVD External DVD Burner M200 Grey,contoso dvd external dvd burner m200 grey,0602073,Contoso,6,602,dim_contoso_product,I,
1644,Contoso DVD External DVD Burner M200 Blue,contoso dvd external dvd burner m200 blue,0602074,Contoso,6,602,dim_contoso_product,I,
1645,Contoso DVD External DVD Burner M200 Silver,contoso dvd external dvd burner m200 silver,0602075,Contoso,6,602,dim_contoso_product,I,
1646,Contoso DVD 9-Inch Player Portable M300 Black,contoso dvd 9-inch player portable m300 black,0602076,Contoso,6,602,dim_contoso_product,I,
1647,Contoso DVD 12-Inch Player Portable M400 Black,contoso dvd 12-inch player portable m400 black,0602077,Contoso,6,602,dim_contoso_product,I,
1648,Contoso DVD 7-Inch Player Portable E200 Black,contoso dvd 7-inch player portable e200 black,0602078,Contoso,6,602,dim_contoso_product,I,
1649,Contoso DVD 14-Inch Player Portable L100 Black,contoso dvd 14-inch player portable l100 black,0602079,Contoso,6,602,dim_contoso_product,I,
1650,Contoso DVD 15-Inch Player Portable L200 Black,contoso dvd 15-inch player portable l200 black,0602080,Contoso,6,602,dim_contoso_product,I,
1651,Contoso DVD 9-Inch Player Portable M300 Silver,contoso dvd 9-inch player portable m300 silver,0602081,Contoso,6,602,dim_contoso_product,I,
1652,Contoso DVD 12-Inch Player Portable M400 Silver,contoso dvd 12-inch player portable m400 silver,0602082,Contoso,6,602,dim_contoso_product,I,
1653,Contoso DVD 7-Inch Player Portable E200 Silver,contoso dvd 7-inch player portable e200 silver,0602083,Contoso,6,602,dim_contoso_product,I,
1654,Contoso DVD 14-Inch Player Portable L100 Silver,contoso dvd 14-inch player portable l100 silver,0602084,Contoso,6,602,dim_contoso_product,I,
1655,Contoso DVD 15-Inch Player Portable L200 Silver,contoso dvd 15-inch player portable l200 silver,0602085,Contoso,6,602,dim_contoso_product,I,
1656,Contoso DVD 9-Inch Player Portable M300 White,contoso dvd 9-inch player portable m300 white,0602086,Contoso,6,602,dim_contoso_product,I,
1657,Contoso DVD 12-Inch Player Portable M400 White,contoso dvd 12-inch player portable m400 white,0602087,Contoso,6,602,dim_contoso_product,I,
1658,Contoso DVD 7-Inch Player Portable E200 White,contoso dvd 7-inch player portable e200 white,0602088,Contoso,6,602,dim_contoso_product,I,
1659,Contoso DVD 14-Inch Player Portable L100 White,contoso dvd 14-inch player portable l100 white,0602089,Contoso,6,602,dim_contoso_product,I,
1660,Contoso DVD 15-Inch Player Portable L200 White,contoso dvd 15-inch player portable l200 white,0602090,Contoso,6,602,dim_contoso_product,I,
1661,MGS Hand Games for kids E300 Yellow,mgs hand games for kids e300 yellow,0701001,Tailspin Toys,7,701,dim_contoso_product,I,
1662,MGS Hand Games for students E400 Yellow,mgs hand games for students e400 yellow,0701002,Tailspin Toys,7,701,dim_contoso_product,I,
1663,MGS Hand Games men M300 Yellow,mgs hand games men m300 yellow,0701003,Tailspin Toys,7,701,dim_contoso_product,I,
1664,MGS Hand Games women M400 Yellow,mgs hand games women m400 yellow,0701004,Tailspin Toys,7,701,dim_contoso_product,I,
1665,MGS Hand Games for 12-16 boys E600 Yellow,mgs hand games for 12-16 boys e600 yellow,0701005,Tailspin Toys,7,701,dim_contoso_product,I,
1666,MGS Hand Games for Office worker L299 Yellow,mgs hand games for office worker l299 yellow,0701006,Tailspin Toys,7,701,dim_contoso_product,I,
1667,MGS Hand Games for kids E300 Black,mgs hand games for kids e300 black,0701007,Tailspin Toys,7,701,dim_contoso_product,I,
1668,MGS Hand Games for students E400 Black,mgs hand games for students e400 black,0701008,Tailspin Toys,7,701,dim_contoso_product,I,
1669,MGS Hand Games men M300 Black,mgs hand games men m300 black,0701009,Tailspin Toys,7,701,dim_contoso_product,I,
1670,MGS Hand Games women M400 Black,mgs hand games women m400 black,0701010,Tailspin Toys,7,701,dim_contoso_product,I,
1671,MGS Hand Games for 12-16 boys E600 Black,mgs hand games for 12-16 boys e600 black,0701011,Tailspin Toys,7,701,dim_contoso_product,I,
1672,MGS Hand Games for Office worker L299 Black,mgs hand games for office worker l299 black,0701012,Tailspin Toys,7,701,dim_contoso_product,I,
1673,MGS Hand Games for kids E300 Red,mgs hand games for kids e300 red,0701013,Tailspin Toys,7,701,dim_contoso_product,I,
1674,MGS Hand Games for students E400 Red,mgs hand games for students e400 red,0701014,Tailspin Toys,7,701,dim_contoso_product,I,
1675,MGS Hand Games men M300 Red,mgs hand games men m300 red,0701015,Tailspin Toys,7,701,dim_contoso_product,I,
1676,MGS Hand Games women M400 Red,mgs hand games women m400 red,0701016,Tailspin Toys,7,701,dim_contoso_product,I,
1677,MGS Hand Games for 12-16 boys E600 Red,mgs hand games for 12-16 boys e600 red,0701017,Tailspin Toys,7,701,dim_contoso_product,I,
1678,MGS Hand Games for Office worker L299 Red,mgs hand games for office worker l299 red,0701018,Tailspin Toys,7,701,dim_contoso_product,I,
1679,MGS Hand Games for kids E300 Silver,mgs hand games for kids e300 silver,0701019,Tailspin Toys,7,701,dim_contoso_product,I,
1680,MGS Hand Games for students E400 Silver,mgs hand games for students e400 silver,0701020,Tailspin Toys,7,701,dim_contoso_product,I,
1681,MGS Hand Games men M300 Silver,mgs hand games men m300 silver,0701021,Tailspin Toys,7,701,dim_contoso_product,I,
1682,MGS Hand Games women M400 Silver,mgs hand games women m400 silver,0701022,Tailspin Toys,7,701,dim_contoso_product,I,
1683,MGS Hand Games for 12-16 boys E600 Silver,mgs hand games for 12-16 boys e600 silver,0701023,Tailspin Toys,7,701,dim_contoso_product,I,
1684,MGS Hand Games for Office worker L299 Silver,mgs hand games for office worker l299 silver,0701024,Tailspin Toys,7,701,dim_contoso_product,I,
1685,SV Hand Games for kids E30 Yellow,sv hand games for kids e30 yellow,0701025,Southridge Video,7,701,dim_contoso_product,I,
1686,SV Hand Games for students E40 Yellow,sv hand games for students e40 yellow,0701026,Southridge Video,7,701,dim_contoso_product,I,
1687,SV Hand Games men M30 Yellow,sv hand games men m30 yellow,0701027,Southridge Video,7,701,dim_contoso_product,I,
1688,SV Hand Games women M40 Yellow,sv hand games women m40 yellow,0701028,Southridge Video,7,701,dim_contoso_product,I,
1689,SV Hand Games for 12-16 boys E60 Yellow,sv hand games for 12-16 boys e60 yellow,0701029,Southridge Video,7,701,dim_contoso_product,I,
1690,SV Hand Games for Office worker L28 Yellow,sv hand games for office worker l28 yellow,0701030,Southridge Video,7,701,dim_contoso_product,I,
1691,SV Hand Games for kids E30 Black,sv hand games for kids e30 black,0701031,Southridge Video,7,701,dim_contoso_product,I,
1692,SV Hand Games for students E40 Black,sv hand games for students e40 black,0701032,Southridge Video,7,701,dim_contoso_product,I,
1693,SV Hand Games men M30 Black,sv hand games men m30 black,0701033,Southridge Video,7,701,dim_contoso_product,I,
1694,SV Hand Games women M40 Black,sv hand games women m40 black,0701034,Southridge Video,7,701,dim_contoso_product,I,
1695,SV Hand Games for 12-16 boys E60 Black,sv hand games for 12-16 boys e60 black,0701035,Southridge Video,7,701,dim_contoso_product,I,
1696,SV Hand Games for Office worker L28 Black,sv hand games for office worker l28 black,0701036,Southridge Video,7,701,dim_contoso_product,I,
1697,SV Hand Games for kids E30 Red,sv hand games for kids e30 red,0701037,Southridge Video,7,701,dim_contoso_product,I,
1698,SV Hand Games for students E40 Red,sv hand games for students e40 red,0701038,Southridge Video,7,701,dim_contoso_product,I,
1699,SV Hand Games men M30 Red,sv hand games men m30 red,0701039,Southridge Video,7,701,dim_contoso_product,I,
1700,SV Hand Games women M40 Red,sv hand games women m40 red,0701040,Southridge Video,7,701,dim_contoso_product,I,
1701,SV Hand Games for 12-16 boys E60 Red,sv hand games for 12-16 boys e60 red,0701041,Southridge Video,7,701,dim_contoso_product,I,
1702,SV Hand Games for Office worker L28 Red,sv hand games for office worker l28 red,0701042,Southridge Video,7,701,dim_contoso_product,I,
1703,SV Hand Games for kids E30 Silver,sv hand games for kids e30 silver,0701043,Southridge Video,7,701,dim_contoso_product,I,
1704,SV Hand Games for students E40 Silver,sv hand games for students e40 silver,0701044,Southridge Video,7,701,dim_contoso_product,I,
1705,SV Hand Games men M30 Silver,sv hand games men m30 silver,0701045,Southridge Video,7,701,dim_contoso_product,I,
1706,SV Hand Games women M40 Silver,sv hand games women m40 silver,0701046,Southridge Video,7,701,dim_contoso_product,I,
1707,MGS Dal of Honor Airborne M150,mgs dal of honor airborne m150,0702001,Tailspin Toys,7,702,dim_contoso_product,I,
1708,MGS Collector's M160,mgs collector's m160,0702002,Tailspin Toys,7,702,dim_contoso_product,I,
1709,MGS Gears of War M170,mgs gears of war m170,0702003,Tailspin Toys,7,702,dim_contoso_product,I,
1710,MGS Age of Empires III: The Asian Dynasties M180,mgs age of empires iii: the asian dynasties m180,0702004,Tailspin Toys,7,702,dim_contoso_product,I,
1711,MGS Age of Empires III: The Asian Dynasties M190,mgs age of empires iii: the asian dynasties m190,0702005,Tailspin Toys,7,702,dim_contoso_product,I,
1712,MGS Flight Simulator X Acceleration Expansion Pack M200,mgs flight simulator x acceleration expansion pack m200,0702006,Tailspin Toys,7,702,dim_contoso_product,I,
1713,MGS Zoo Tycoon 2: Extinct Animals M210,mgs zoo tycoon 2: extinct animals m210,0702007,Tailspin Toys,7,702,dim_contoso_product,I,
1714,MGS Halo 2 for Windows Vista M220,mgs halo 2 for windows vista m220,0702008,Tailspin Toys,7,702,dim_contoso_product,I,
1715,MGS Shadow-run M230,mgs shadow-run m230,0702009,Tailspin Toys,7,702,dim_contoso_product,I,
1716,MGS Age of Empires III: The War Chiefs M240,mgs age of empires iii: the war chiefs m240,0702010,Tailspin Toys,7,702,dim_contoso_product,I,
1717,MGS Flight Simulator X M250,mgs flight simulator x m250,0702011,Tailspin Toys,7,702,dim_contoso_product,I,
1718,MGS Zoo Tycoon 2: Zookeeper Collection M260,mgs zoo tycoon 2: zookeeper collection m260,0702012,Tailspin Toys,7,702,dim_contoso_product,I,
1719,MGS Zoo Tycoon 2: Marine Mania Expansion Pack M270,mgs zoo tycoon 2: marine mania expansion pack m270,0702013,Tailspin Toys,7,702,dim_contoso_product,I,
1720,MGS Zoo Tycoon 2: African Adventure M280,mgs zoo tycoon 2: african adventure m280,0702014,Tailspin Toys,7,702,dim_contoso_product,I,
1721,MGS Rise of Nations: Rise of Legends M290,mgs rise of nations: rise of legends m290,0702015,Tailspin Toys,7,702,dim_contoso_product,I,
1722,MGS Zoo Tycoon 2: End range Species Expansion Pack E105,mgs zoo tycoon 2: end range species expansion pack e105,0702016,Tailspin Toys,7,702,dim_contoso_product,I,
1723,MGS Age of Empires III: The Asian Dynasties E106,mgs age of empires iii: the asian dynasties e106,0702017,Tailspin Toys,7,702,dim_contoso_product,I,
1724,MGS Fable: The Lost Chapters E107,mgs fable: the lost chapters e107,0702018,Tailspin Toys,7,702,dim_contoso_product,I,
1725,MGS Dungeon Siege II E105,mgs dungeon siege ii e105,0702019,Tailspin Toys,7,702,dim_contoso_product,I,
1726,MGS Zoo Tycoon 2 E108,mgs zoo tycoon 2 e108,0702020,Tailspin Toys,7,702,dim_contoso_product,I,
1727,MGS Rise of Nations: Gold Edition M300,mgs rise of nations: gold edition m300,0702021,Tailspin Toys,7,702,dim_contoso_product,I,
1728,MGS Age of Mythology: Gold Edition M310,mgs age of mythology: gold edition m310,0702022,Tailspin Toys,7,702,dim_contoso_product,I,
1729,MGS Rise of Nations: Thrones and Patriots M320,mgs rise of nations: thrones and patriots m320,0702023,Tailspin Toys,7,702,dim_contoso_product,I,
1730,MGS Dungeon Siege: Legends of Aranna M330,mgs dungeon siege: legends of aranna m330,0702024,Tailspin Toys,7,702,dim_contoso_product,I,
1731,MGS King& Myths: The Age Collection M340,mgs king& myths: the age collection m340,0702025,Tailspin Toys,7,702,dim_contoso_product,I,
1732,MGS Age of Mythology: The Titans Expansion M350,mgs age of mythology: the titans expansion m350,0702026,Tailspin Toys,7,702,dim_contoso_product,I,
1733,MGS Halo: Combat Evolved E109,mgs halo: combat evolved e109,0702027,Tailspin Toys,7,702,dim_contoso_product,I,
1734,MGS Zoo Tycoon Complete Collection E110,mgs zoo tycoon complete collection e110,0702028,Tailspin Toys,7,702,dim_contoso_product,I,
1735,MGS Flight Simulator 2004: A Century of Flight E111,mgs flight simulator 2004: a century of flight e111,0702029,Tailspin Toys,7,702,dim_contoso_product,I,
1736,MGS Rise of Nations E112,mgs rise of nations e112,0702030,Tailspin Toys,7,702,dim_contoso_product,I,
1737,MGS Freelancer E113,mgs freelancer e113,0702031,Tailspin Toys,7,702,dim_contoso_product,I,
1738,MGS Impossible Creatures E114,mgs impossible creatures e114,0702032,Tailspin Toys,7,702,dim_contoso_product,I,
1739,MGS RalliSport Challenge E115,mgs rallisport challenge e115,0702033,Tailspin Toys,7,702,dim_contoso_product,I,
1740,MGS MechCollection E116,mgs mechcollection e116,0702034,Tailspin Toys,7,702,dim_contoso_product,I,
1741,MGS MechWarrior 4: Mercenaries E117,mgs mechwarrior 4: mercenaries e117,0702035,Tailspin Toys,7,702,dim_contoso_product,I,
1742,MGS Age of Mythology E118,mgs age of mythology e118,0702036,Tailspin Toys,7,702,dim_contoso_product,I,
1743,MGS Combat Flight Simulator 3 E119,mgs combat flight simulator 3 e119,0702037,Tailspin Toys,7,702,dim_contoso_product,I,
1744,MGS Zoo Tycoon Marine Mania E120,mgs zoo tycoon marine mania e120,0702038,Tailspin Toys,7,702,dim_contoso_product,I,
1745,MGS MechWarrior 4 Mach Packs X100,mgs mechwarrior 4 mach packs x100,0702039,Tailspin Toys,7,702,dim_contoso_product,I,
1746,MGS Zoo Tycoon Dinosaur Digs X200,mgs zoo tycoon dinosaur digs x200,0702040,Tailspin Toys,7,702,dim_contoso_product,I,
1747,MGS Dungeon Siege X300,mgs dungeon siege x300,0702041,Tailspin Toys,7,702,dim_contoso_product,I,
1748,MGS Classic Flight Collection X400,mgs classic flight collection x400,0702042,Tailspin Toys,7,702,dim_contoso_product,I,
1749,MGS Bicycle Board Games X500,mgs bicycle board games x500,0702043,Tailspin Toys,7,702,dim_contoso_product,I,
1750,MGS Bicycle Card Games X600,mgs bicycle card games x600,0702044,Tailspin Toys,7,702,dim_contoso_product,I,
1751,MGS Bicycle Casino Games X700,mgs bicycle casino games x700,0702045,Tailspin Toys,7,702,dim_contoso_product,I,
1752,MGS Flight Simulator 2002 M360,mgs flight simulator 2002 m360,0702046,Tailspin Toys,7,702,dim_contoso_product,I,
1753,MGS Racing Madness 2 M370,mgs racing madness 2 m370,0702047,Tailspin Toys,7,702,dim_contoso_product,I,
1754,MGS Zoo Tycoon M380,mgs zoo tycoon m380,0702048,Tailspin Toys,7,702,dim_contoso_product,I,
1755,MGS MechWarrior 4: Knight E121,mgs mechwarrior 4: knight e121,0702049,Tailspin Toys,7,702,dim_contoso_product,I,
1756,MGS Age of Empires II Gold Edition E122,mgs age of empires ii gold edition e122,0702050,Tailspin Toys,7,702,dim_contoso_product,I,
1757,MGS MechCommander 2 E123,mgs mechcommander 2 e123,0702051,Tailspin Toys,7,702,dim_contoso_product,I,
1758,MGS Train Simulator E124,mgs train simulator e124,0702052,Tailspin Toys,7,702,dim_contoso_product,I,
1759,MGS MechWarrior 4: Vengeance X800,mgs mechwarrior 4: vengeance x800,0702053,Tailspin Toys,7,702,dim_contoso_product,I,
1760,MGS Return of Arcade Anniversary Edition M390,mgs return of arcade anniversary edition m390,0702054,Tailspin Toys,7,702,dim_contoso_product,I,
1761,MGS Combat Flight Simulator 2 M400,mgs combat flight simulator 2 m400,0702055,Tailspin Toys,7,702,dim_contoso_product,I,
1762,MGS Age of Empires II: The Conquerors Expansion E125,mgs age of empires ii: the conquerors expansion e125,0702056,Tailspin Toys,7,702,dim_contoso_product,I,
1763,MGS Flight Simulator 2000 M410,mgs flight simulator 2000 m410,0702057,Tailspin Toys,7,702,dim_contoso_product,I,
1764,MGS Age of Empires II: The Age of Kings E126,mgs age of empires ii: the age of kings e126,0702058,Tailspin Toys,7,702,dim_contoso_product,I,
1765,MGS Age of Empires Expansion: The Rise of Rome X900,mgs age of empires expansion: the rise of rome x900,0702059,Tailspin Toys,7,702,dim_contoso_product,I,
1766,MGS Age of Empires 2008new M420,mgs age of empires 2008new m420,0702060,Tailspin Toys,7,702,dim_contoso_product,I,
1767,MGS Dal of Honor Airborne 2008 M430,mgs dal of honor airborne 2008 m430,0702061,Tailspin Toys,7,702,dim_contoso_product,I,
1768,MGS Empires Collector's 2008 M440,mgs empires collector's 2008 m440,0702062,Tailspin Toys,7,702,dim_contoso_product,I,
1769,MGS Gears of War 2008 M450,mgs gears of war 2008 m450,0702063,Tailspin Toys,7,702,dim_contoso_product,I,
1770,MGS Age of Empires III: The Asian Dynasties 2008 E126,mgs age of empires iii: the asian dynasties 2008 e126,0702064,Tailspin Toys,7,702,dim_contoso_product,I,
1771,MGS Age of Empires III: The Asian Dynasties 2009 E127,mgs age of empires iii: the asian dynasties 2009 e127,0702065,Tailspin Toys,7,702,dim_contoso_product,I,
1772,MGS Flight Simulator X Acceleration Expansion Pack 2009 E128,mgs flight simulator x acceleration expansion pack 2009 e128,0702066,Tailspin Toys,7,702,dim_contoso_product,I,
1773,MGS Zoo Tycoon 2: Extinct Animals 2008 E129,mgs zoo tycoon 2: extinct animals 2008 e129,0702067,Tailspin Toys,7,702,dim_contoso_product,I,
1774,MGS Halo 2 for Windows Vista 2009 E130,mgs halo 2 for windows vista 2009 e130,0702068,Tailspin Toys,7,702,dim_contoso_product,I,
1775,MGS Shadow-run 2008 E131,mgs shadow-run 2008 e131,0702069,Tailspin Toys,7,702,dim_contoso_product,I,
1776,MGS Age of Empires III: The War Chiefs 2007 E132,mgs age of empires iii: the war chiefs 2007 e132,0702070,Tailspin Toys,7,702,dim_contoso_product,I,
1777,MGS Flight Simulator X 2008 E133,mgs flight simulator x 2008 e133,0702071,Tailspin Toys,7,702,dim_contoso_product,I,
1778,MGS Zoo Tycoon 2: Zookeeper Collection 2008 E134,mgs zoo tycoon 2: zookeeper collection 2008 e134,0702072,Tailspin Toys,7,702,dim_contoso_product,I,
1779,MGS Zoo Tycoon2: Marine Mania Expansion Pack 2008 E135,mgs zoo tycoon2: marine mania expansion pack 2008 e135,0702073,Tailspin Toys,7,702,dim_contoso_product,I,
1780,MGS Zoo Tycoon 2: African Adventure 2008 E136,mgs zoo tycoon 2: african adventure 2008 e136,0702074,Tailspin Toys,7,702,dim_contoso_product,I,
1781,MGS Rise of Nations: Rise of Legends 2008 E137,mgs rise of nations: rise of legends 2008 e137,0702075,Tailspin Toys,7,702,dim_contoso_product,I,
1782,MGS Zoo Tycoon 2: End Range Species Expansion Pack 2008 E138,mgs zoo tycoon 2: end range species expansion pack 2008 e138,0702076,Tailspin Toys,7,702,dim_contoso_product,I,
1783,MGS Age of Empires III 2008 E139,mgs age of empires iii 2008 e139,0702077,Tailspin Toys,7,702,dim_contoso_product,I,
1784,MGS Fable: The Lost Chapters2008 E140,mgs fable: the lost chapters2008 e140,0702078,Tailspin Toys,7,702,dim_contoso_product,I,
1785,MGS Dungeon 2007 E141,mgs dungeon 2007 e141,0702079,Tailspin Toys,7,702,dim_contoso_product,I,
1786,MGS Zoo Tycoon 2008 E142,mgs zoo tycoon 2008 e142,0702080,Tailspin Toys,7,702,dim_contoso_product,I,
1787,MGS Rise of Nations: Gold Edition 2009 E143,mgs rise of nations: gold edition 2009 e143,0702081,Tailspin Toys,7,702,dim_contoso_product,I,
1788,MGS Age of Mythology: Gold Edition 2009 E144,mgs age of mythology: gold edition 2009 e144,0702082,Tailspin Toys,7,702,dim_contoso_product,I,
1789,MGS Rise of Nations: Thrones and Patriots2009 E145,mgs rise of nations: thrones and patriots2009 e145,0702083,Tailspin Toys,7,702,dim_contoso_product,I,
1790,MGS Dungeon Siege: Legends of Aranna 2009 E146,mgs dungeon siege: legends of aranna 2009 e146,0702084,Tailspin Toys,7,702,dim_contoso_product,I,
1791,MGS Kings & Myths: The Age Collection2009 E147,mgs kings & myths: the age collection2009 e147,0702085,Tailspin Toys,7,702,dim_contoso_product,I,
1792,MGS Age of Mythology: The Titans Expansion 2009 E148,mgs age of mythology: the titans expansion 2009 e148,0702086,Tailspin Toys,7,702,dim_contoso_product,I,
1793,MGS Halo: Combat Evolved2009 E149,mgs halo: combat evolved2009 e149,0702087,Tailspin Toys,7,702,dim_contoso_product,I,
1794,MGS Zoo Tycoon Complete Collection2009 E150,mgs zoo tycoon complete collection2009 e150,0702088,Tailspin Toys,7,702,dim_contoso_product,I,
1795,MGS Flight Simulator 2009: A Century of Flight E151,mgs flight simulator 2009: a century of flight e151,0702089,Tailspin Toys,7,702,dim_contoso_product,I,
1796,MGS Rise of Nations2009 E152,mgs rise of nations2009 e152,0702090,Tailspin Toys,7,702,dim_contoso_product,I,
1797,MGS Freelancer 2009 E153,mgs freelancer 2009 e153,0702091,Tailspin Toys,7,702,dim_contoso_product,I,
1798,MGS Impossible Creatures2009 E154,mgs impossible creatures2009 e154,0702092,Tailspin Toys,7,702,dim_contoso_product,I,
1799,MGS RalliSport Challenge2009 E155,mgs rallisport challenge2009 e155,0702093,Tailspin Toys,7,702,dim_contoso_product,I,
1800,MGS MechCollection2009 E156,mgs mechcollection2009 e156,0702094,Tailspin Toys,7,702,dim_contoso_product,I,
1801,MGS MechWarrior4: Mercenaries2009 E157,mgs mechwarrior4: mercenaries2009 e157,0702095,Tailspin Toys,7,702,dim_contoso_product,I,
1802,MGS Age of Mythology 2009 E158,mgs age of mythology 2009 e158,0702096,Tailspin Toys,7,702,dim_contoso_product,I,
1803,MGS Combat Flight Simulator 2009 E159,mgs combat flight simulator 2009 e159,0702097,Tailspin Toys,7,702,dim_contoso_product,I,
1804,MGS Zoo Tycoon Marine Mania 2009 E160,mgs zoo tycoon marine mania 2009 e160,0702098,Tailspin Toys,7,702,dim_contoso_product,I,
1805,MGS MechWarrior 4 Mach Paks2009 E161,mgs mechwarrior 4 mach paks2009 e161,0702099,Tailspin Toys,7,702,dim_contoso_product,I,
1806,MGS Zoo Tycoon Dinosaur Digs2009 E162,mgs zoo tycoon dinosaur digs2009 e162,0702100,Tailspin Toys,7,702,dim_contoso_product,I,
1807,MGS Dungeon Siege 2009 E163,mgs dungeon siege 2009 e163,0702101,Tailspin Toys,7,702,dim_contoso_product,I,
1808,MGS Classic Flight Collection2009 E164,mgs classic flight collection2009 e164,0702102,Tailspin Toys,7,702,dim_contoso_product,I,
1809,MGS Bicycle Board Games2009 E165,mgs bicycle board games2009 e165,0702103,Tailspin Toys,7,702,dim_contoso_product,I,
1810,MGS Bicycle Card Games2009 E166,mgs bicycle card games2009 e166,0702104,Tailspin Toys,7,702,dim_contoso_product,I,
1811,MGS Bicycle Casino Games2009 E167,mgs bicycle casino games2009 e167,0702105,Tailspin Toys,7,702,dim_contoso_product,I,
1812,MGS Flight Simulator 2009 E168,mgs flight simulator 2009 e168,0702106,Tailspin Toys,7,702,dim_contoso_product,I,
1813,MGS Racing Madness 2009 E169,mgs racing madness 2009 e169,0702107,Tailspin Toys,7,702,dim_contoso_product,I,
1814,MGS Zoo Tycoon2009 E170,mgs zoo tycoon2009 e170,0702108,Tailspin Toys,7,702,dim_contoso_product,I,
1815,MGS MechWarrior 4:Knight2009 E171,mgs mechwarrior 4:knight2009 e171,0702109,Tailspin Toys,7,702,dim_contoso_product,I,
1816,MGS Age of Empires II Gold Edition2009 E172,mgs age of empires ii gold edition2009 e172,0702110,Tailspin Toys,7,702,dim_contoso_product,I,
1817,MGS MechCommander 2009 E173,mgs mechcommander 2009 e173,0702111,Tailspin Toys,7,702,dim_contoso_product,I,
1818,MGS Train Simulator 2009 E174,mgs train simulator 2009 e174,0702112,Tailspin Toys,7,702,dim_contoso_product,I,
1819,MGS MechWarrior 4: Vengeance 2009 E175,mgs mechwarrior 4: vengeance 2009 e175,0702113,Tailspin Toys,7,702,dim_contoso_product,I,
1820,MGS Return of Arcade Anniversary Edition 2009 E176,mgs return of arcade anniversary edition 2009 e176,0702114,Tailspin Toys,7,702,dim_contoso_product,I,
1821,MGS Combat Flight Simulator 2009 E177,mgs combat flight simulator 2009 e177,0702115,Tailspin Toys,7,702,dim_contoso_product,I,
1822,MGS Age of Empires II: The Conquerors Expansion 2009 E178,mgs age of empires ii: the conquerors expansion 2009 e178,0702116,Tailspin Toys,7,702,dim_contoso_product,I,
1823,MGS Flight Simulator 2009 E179,mgs flight simulator 2009 e179,0702117,Tailspin Toys,7,702,dim_contoso_product,I,
1824,MGS Age of Empires II: The Age of Kings 2009 E180,mgs age of empires ii: the age of kings 2009 e180,0702118,Tailspin Toys,7,702,dim_contoso_product,I,
1825,MGS Age of Empires Expansion: The Rise of Rome 2009 E181,mgs age of empires expansion: the rise of rome 2009 e181,0702119,Tailspin Toys,7,702,dim_contoso_product,I,
1826,"MGS Age of Empires, 2009 E182","mgs age of empires, 2009 e182",0702120,Tailspin Toys,7,702,dim_contoso_product,I,
1827,Litware Washer & Dryer 27in L420 White,litware washer & dryer 27in l420 white,0801001,Litware,8,801,dim_contoso_product,I,
1828,Litware Washer & Dryer 25.5in M350 White,litware washer & dryer 25.5in m350 white,0801002,Litware,8,801,dim_contoso_product,I,
1829,Litware Washer & Dryer 24in M260 White,litware washer & dryer 24in m260 white,0801003,Litware,8,801,dim_contoso_product,I,
1830,Litware Washer & Dryer 21in E214 White,litware washer & dryer 21in e214 white,0801004,Litware,8,801,dim_contoso_product,I,
1831,Litware Washer & Dryer 15.5in E150 White,litware washer & dryer 15.5in e150 white,0801005,Litware,8,801,dim_contoso_product,I,
1832,Litware Washer & Dryer 27in L420 Silver,litware washer & dryer 27in l420 silver,0801006,Litware,8,801,dim_contoso_product,I,
1833,Litware Washer & Dryer 25.5in M350 Silver,litware washer & dryer 25.5in m350 silver,0801007,Litware,8,801,dim_contoso_product,I,
1834,Litware Washer & Dryer 24in M260 Silver,litware washer & dryer 24in m260 silver,0801008,Litware,8,801,dim_contoso_product,I,
1835,Litware Washer & Dryer 21in E214 Silver,litware washer & dryer 21in e214 silver,0801009,Litware,8,801,dim_contoso_product,I,
1836,Litware Washer & Dryer 15.5in E150 Silver,litware washer & dryer 15.5in e150 silver,0801010,Litware,8,801,dim_contoso_product,I,
1837,Litware Washer & Dryer 27in L420 Blue,litware washer & dryer 27in l420 blue,0801011,Litware,8,801,dim_contoso_product,I,
1838,Litware Washer & Dryer 25.5in M350 Blue,litware washer & dryer 25.5in m350 blue,0801012,Litware,8,801,dim_contoso_product,I,
1839,Litware Washer & Dryer 24in M260 Blue,litware washer & dryer 24in m260 blue,0801013,Litware,8,801,dim_contoso_product,I,
1840,Litware Washer & Dryer 21in E214 Blue,litware washer & dryer 21in e214 blue,0801014,Litware,8,801,dim_contoso_product,I,
1841,Litware Washer & Dryer 15.5in E150 Blue,litware washer & dryer 15.5in e150 blue,0801015,Litware,8,801,dim_contoso_product,I,
1842,Litware Washer & Dryer 27in L420 Green,litware washer & dryer 27in l420 green,0801016,Litware,8,801,dim_contoso_product,I,
1843,Litware Washer & Dryer 25.5in M350 Green,litware washer & dryer 25.5in m350 green,0801017,Litware,8,801,dim_contoso_product,I,
1844,Litware Washer & Dryer 24in M260 Green,litware washer & dryer 24in m260 green,0801018,Litware,8,801,dim_contoso_product,I,
1845,Litware Washer & Dryer 21in E214 Green,litware washer & dryer 21in e214 green,0801019,Litware,8,801,dim_contoso_product,I,
1846,Litware Washer & Dryer 15.5in E150 Green,litware washer & dryer 15.5in e150 green,0801020,Litware,8,801,dim_contoso_product,I,
1847,NT Washer & Dryer 27in L2700 White,nt washer & dryer 27in l2700 white,0801021,Northwind Traders,8,801,dim_contoso_product,I,
1848,NT Washer & Dryer 25.5in M2550 White,nt washer & dryer 25.5in m2550 white,0801022,Northwind Traders,8,801,dim_contoso_product,I,
1849,NT Washer & Dryer 24in M2400 White,nt washer & dryer 24in m2400 white,0801023,Northwind Traders,8,801,dim_contoso_product,I,
1850,NT Washer & Dryer 21in E2100 White,nt washer & dryer 21in e2100 white,0801024,Northwind Traders,8,801,dim_contoso_product,I,
1851,NT Washer & Dryer 15.5in E1550 White,nt washer & dryer 15.5in e1550 white,0801025,Northwind Traders,8,801,dim_contoso_product,I,
1852,NT Washer & Dryer 27in L2700 Silver,nt washer & dryer 27in l2700 silver,0801026,Northwind Traders,8,801,dim_contoso_product,I,
1853,NT Washer & Dryer 25.5in M2550 Silver,nt washer & dryer 25.5in m2550 silver,0801027,Northwind Traders,8,801,dim_contoso_product,I,
1854,NT Washer & Dryer 24in M2400 Silver,nt washer & dryer 24in m2400 silver,0801028,Northwind Traders,8,801,dim_contoso_product,I,
1855,NT Washer & Dryer 21in E2100 Silver,nt washer & dryer 21in e2100 silver,0801029,Northwind Traders,8,801,dim_contoso_product,I,
1856,NT Washer & Dryer 15.5in E1550 Silver,nt washer & dryer 15.5in e1550 silver,0801030,Northwind Traders,8,801,dim_contoso_product,I,
1857,NT Washer & Dryer 27in L2700 Blue,nt washer & dryer 27in l2700 blue,0801031,Northwind Traders,8,801,dim_contoso_product,I,
1858,NT Washer & Dryer 25.5in M2550 Blue,nt washer & dryer 25.5in m2550 blue,0801032,Northwind Traders,8,801,dim_contoso_product,I,
1859,NT Washer & Dryer 24in M2400 Blue,nt washer & dryer 24in m2400 blue,0801033,Northwind Traders,8,801,dim_contoso_product,I,
1860,NT Washer & Dryer 21in E2100 Blue,nt washer & dryer 21in e2100 blue,0801034,Northwind Traders,8,801,dim_contoso_product,I,
1861,NT Washer & Dryer 15.5in E1550 Blue,nt washer & dryer 15.5in e1550 blue,0801035,Northwind Traders,8,801,dim_contoso_product,I,
1862,NT Washer & Dryer 27in L2700 Green,nt washer & dryer 27in l2700 green,0801036,Northwind Traders,8,801,dim_contoso_product,I,
1863,NT Washer & Dryer 25.5in M2550 Green,nt washer & dryer 25.5in m2550 green,0801037,Northwind Traders,8,801,dim_contoso_product,I,
1864,NT Washer & Dryer 24in M2400 Green,nt washer & dryer 24in m2400 green,0801038,Northwind Traders,8,801,dim_contoso_product,I,
1865,NT Washer & Dryer 21in E2100 Green,nt washer & dryer 21in e2100 green,0801039,Northwind Traders,8,801,dim_contoso_product,I,
1866,NT Washer & Dryer 15.5in E1550 Green,nt washer & dryer 15.5in e1550 green,0801040,Northwind Traders,8,801,dim_contoso_product,I,
1867,Contoso Washer & Dryer 27in L270 White,contoso washer & dryer 27in l270 white,0801041,Contoso,8,801,dim_contoso_product,I,
1868,Contoso Washer & Dryer 25.5in M255 White,contoso washer & dryer 25.5in m255 white,0801042,Contoso,8,801,dim_contoso_product,I,
1869,Contoso Washer & Dryer 24in M240 White,contoso washer & dryer 24in m240 white,0801043,Contoso,8,801,dim_contoso_product,I,
1870,Contoso Washer & Dryer 21in E210 White,contoso washer & dryer 21in e210 white,0801044,Contoso,8,801,dim_contoso_product,I,
1871,Contoso Washer & Dryer 15.5in E155 White,contoso washer & dryer 15.5in e155 white,0801045,Contoso,8,801,dim_contoso_product,I,
1872,Contoso Washer & Dryer 27in L270 Silver,contoso washer & dryer 27in l270 silver,0801046,Contoso,8,801,dim_contoso_product,I,
1873,Contoso Washer & Dryer 25.5in M255 Silver,contoso washer & dryer 25.5in m255 silver,0801047,Contoso,8,801,dim_contoso_product,I,
1874,Contoso Washer & Dryer 24in M240 Silver,contoso washer & dryer 24in m240 silver,0801048,Contoso,8,801,dim_contoso_product,I,
1875,Contoso Washer & Dryer 21in E210 Silver,contoso washer & dryer 21in e210 silver,0801049,Contoso,8,801,dim_contoso_product,I,
1876,Contoso Washer & Dryer 15.5in E155 Silver,contoso washer & dryer 15.5in e155 silver,0801050,Contoso,8,801,dim_contoso_product,I,
1877,Contoso Washer & Dryer 27in L270 Blue,contoso washer & dryer 27in l270 blue,0801051,Contoso,8,801,dim_contoso_product,I,
1878,Contoso Washer & Dryer 25.5in M255 Blue,contoso washer & dryer 25.5in m255 blue,0801052,Contoso,8,801,dim_contoso_product,I,
1879,Contoso Washer & Dryer 24in M240 Blue,contoso washer & dryer 24in m240 blue,0801053,Contoso,8,801,dim_contoso_product,I,
1880,Contoso Washer & Dryer 21in E210 Blue,contoso washer & dryer 21in e210 blue,0801054,Contoso,8,801,dim_contoso_product,I,
1881,Contoso Washer & Dryer 15.5in E155 Blue,contoso washer & dryer 15.5in e155 blue,0801055,Contoso,8,801,dim_contoso_product,I,
1882,Contoso Washer & Dryer 27in L270 Green,contoso washer & dryer 27in l270 green,0801056,Contoso,8,801,dim_contoso_product,I,
1883,Contoso Washer & Dryer 25.5in M255 Green,contoso washer & dryer 25.5in m255 green,0801057,Contoso,8,801,dim_contoso_product,I,
1884,Contoso Washer & Dryer 24in M240 Green,contoso washer & dryer 24in m240 green,0801058,Contoso,8,801,dim_contoso_product,I,
1885,Contoso Washer & Dryer 21in E210 Green,contoso washer & dryer 21in e210 green,0801059,Contoso,8,801,dim_contoso_product,I,
1886,Contoso Washer & Dryer 15.5in E155 Green,contoso washer & dryer 15.5in e155 green,0801060,Contoso,8,801,dim_contoso_product,I,
1887,Contoso Washer & Dryer 27in L270 Red,contoso washer & dryer 27in l270 red,0801061,Contoso,8,801,dim_contoso_product,I,
1888,Contoso Washer & Dryer 25.5in M255 Red,contoso washer & dryer 25.5in m255 red,0801062,Contoso,8,801,dim_contoso_product,I,
1889,Contoso Washer & Dryer 24in M240 Red,contoso washer & dryer 24in m240 red,0801063,Contoso,8,801,dim_contoso_product,I,
1890,Contoso Washer & Dryer 21in E210 Red,contoso washer & dryer 21in e210 red,0801064,Contoso,8,801,dim_contoso_product,I,
1891,Contoso Washer & Dryer 15.5in E155 Red,contoso washer & dryer 15.5in e155 red,0801065,Contoso,8,801,dim_contoso_product,I,
1892,Contoso Washer & Dryer 27in L270 Pink,contoso washer & dryer 27in l270 pink,0801066,Contoso,8,801,dim_contoso_product,I,
1893,Contoso Washer & Dryer 25.5in M255 Pink,contoso washer & dryer 25.5in m255 pink,0801067,Contoso,8,801,dim_contoso_product,I,
1894,Contoso Washer & Dryer 24in M240 Pink,contoso washer & dryer 24in m240 pink,0801068,Contoso,8,801,dim_contoso_product,I,
1895,Contoso Washer & Dryer 21in E210 Pink,contoso washer & dryer 21in e210 pink,0801069,Contoso,8,801,dim_contoso_product,I,
1896,Contoso Washer & Dryer 15.5in E155 Pink,contoso washer & dryer 15.5in e155 pink,0801070,Contoso,8,801,dim_contoso_product,I,
1897,Fabrikam Refrigerator 24.7CuFt X9800 White,fabrikam refrigerator 24.7cuft x9800 white,0802001,Fabrikam,8,802,dim_contoso_product,I,
1898,Fabrikam Refrigerator 19CuFt M7600 White,fabrikam refrigerator 19cuft m7600 white,0802002,Fabrikam,8,802,dim_contoso_product,I,
1899,Fabrikam Refrigerator 9.7CuFt M5600 White,fabrikam refrigerator 9.7cuft m5600 white,0802003,Fabrikam,8,802,dim_contoso_product,I,
1900,Fabrikam Refrigerator 4.6CuFt E2800 White,fabrikam refrigerator 4.6cuft e2800 white,0802004,Fabrikam,8,802,dim_contoso_product,I,
1901,Fabrikam Refrigerator 3.2CuFt E1600 White,fabrikam refrigerator 3.2cuft e1600 white,0802005,Fabrikam,8,802,dim_contoso_product,I,
1902,Fabrikam Refrigerator 1.7CuFt E1200 White,fabrikam refrigerator 1.7cuft e1200 white,0802006,Fabrikam,8,802,dim_contoso_product,I,
1903,Fabrikam Refrigerator 24.7CuFt X9800 Brown,fabrikam refrigerator 24.7cuft x9800 brown,0802007,Fabrikam,8,802,dim_contoso_product,I,
1904,Fabrikam Refrigerator 19CuFt M7600 Brown,fabrikam refrigerator 19cuft m7600 brown,0802008,Fabrikam,8,802,dim_contoso_product,I,
1905,Fabrikam Refrigerator 9.7CuFt M5600 Brown,fabrikam refrigerator 9.7cuft m5600 brown,0802009,Fabrikam,8,802,dim_contoso_product,I,
1906,Fabrikam Refrigerator 4.6CuFt E2800 Brown,fabrikam refrigerator 4.6cuft e2800 brown,0802010,Fabrikam,8,802,dim_contoso_product,I,
1907,Fabrikam Refrigerator 3.2CuFt E1600 Brown,fabrikam refrigerator 3.2cuft e1600 brown,0802011,Fabrikam,8,802,dim_contoso_product,I,
1908,Fabrikam Refrigerator 1.7CuFt E1200 Brown,fabrikam refrigerator 1.7cuft e1200 brown,0802012,Fabrikam,8,802,dim_contoso_product,I,
1909,Fabrikam Refrigerator 24.7CuFt X9800 Silver,fabrikam refrigerator 24.7cuft x9800 silver,0802013,Fabrikam,8,802,dim_contoso_product,I,
1910,Fabrikam Refrigerator 19CuFt M7600 Silver,fabrikam refrigerator 19cuft m7600 silver,0802014,Fabrikam,8,802,dim_contoso_product,I,
1911,Fabrikam Refrigerator 9.7CuFt M5600 Silver,fabrikam refrigerator 9.7cuft m5600 silver,0802015,Fabrikam,8,802,dim_contoso_product,I,
1912,Fabrikam Refrigerator 4.6CuFt E2800 Silver,fabrikam refrigerator 4.6cuft e2800 silver,0802016,Fabrikam,8,802,dim_contoso_product,I,
1913,Fabrikam Refrigerator 3.2CuFt E1600 Silver,fabrikam refrigerator 3.2cuft e1600 silver,0802017,Fabrikam,8,802,dim_contoso_product,I,
1914,Fabrikam Refrigerator 1.7CuFt E1200 Silver,fabrikam refrigerator 1.7cuft e1200 silver,0802018,Fabrikam,8,802,dim_contoso_product,I,
1915,Fabrikam Refrigerator 24.7CuFt X9800 Green,fabrikam refrigerator 24.7cuft x9800 green,0802019,Fabrikam,8,802,dim_contoso_product,I,
1916,Fabrikam Refrigerator 19CuFt M7600 Green,fabrikam refrigerator 19cuft m7600 green,0802020,Fabrikam,8,802,dim_contoso_product,I,
1917,Fabrikam Refrigerator 9.7CuFt M5600 Green,fabrikam refrigerator 9.7cuft m5600 green,0802021,Fabrikam,8,802,dim_contoso_product,I,
1918,Fabrikam Refrigerator 4.6CuFt E2800 Green,fabrikam refrigerator 4.6cuft e2800 green,0802022,Fabrikam,8,802,dim_contoso_product,I,
1919,Fabrikam Refrigerator 3.2CuFt E1600 Green,fabrikam refrigerator 3.2cuft e1600 green,0802023,Fabrikam,8,802,dim_contoso_product,I,
1920,Fabrikam Refrigerator 1.7CuFt E1200 Green,fabrikam refrigerator 1.7cuft e1200 green,0802024,Fabrikam,8,802,dim_contoso_product,I,
1921,Fabrikam Refrigerator 24.7CuFt X9800 Blue,fabrikam refrigerator 24.7cuft x9800 blue,0802025,Fabrikam,8,802,dim_contoso_product,I,
1922,Fabrikam Refrigerator 19CuFt M7600 Blue,fabrikam refrigerator 19cuft m7600 blue,0802026,Fabrikam,8,802,dim_contoso_product,I,
1923,Fabrikam Refrigerator 9.7CuFt M5600 Blue,fabrikam refrigerator 9.7cuft m5600 blue,0802027,Fabrikam,8,802,dim_contoso_product,I,
1924,Fabrikam Refrigerator 4.6CuFt E2800 Blue,fabrikam refrigerator 4.6cuft e2800 blue,0802028,Fabrikam,8,802,dim_contoso_product,I,
1925,Fabrikam Refrigerator 3.2CuFt E1600 Blue,fabrikam refrigerator 3.2cuft e1600 blue,0802029,Fabrikam,8,802,dim_contoso_product,I,
1926,Fabrikam Refrigerator 1.7CuFt E1200 Blue,fabrikam refrigerator 1.7cuft e1200 blue,0802030,Fabrikam,8,802,dim_contoso_product,I,
1927,Fabrikam Refrigerator 24.7CuFt X9800 Grey,fabrikam refrigerator 24.7cuft x9800 grey,0802031,Fabrikam,8,802,dim_contoso_product,I,
1928,Fabrikam Refrigerator 19CuFt M7600 Grey,fabrikam refrigerator 19cuft m7600 grey,0802032,Fabrikam,8,802,dim_contoso_product,I,
1929,Fabrikam Refrigerator 9.7CuFt M5600 Grey,fabrikam refrigerator 9.7cuft m5600 grey,0802033,Fabrikam,8,802,dim_contoso_product,I,
1930,Fabrikam Refrigerator 4.6CuFt E2800 Grey,fabrikam refrigerator 4.6cuft e2800 grey,0802034,Fabrikam,8,802,dim_contoso_product,I,
1931,Fabrikam Refrigerator 3.2CuFt E1600 Grey,fabrikam refrigerator 3.2cuft e1600 grey,0802035,Fabrikam,8,802,dim_contoso_product,I,
1932,Fabrikam Refrigerator 1.7CuFt E1200 Grey,fabrikam refrigerator 1.7cuft e1200 grey,0802036,Fabrikam,8,802,dim_contoso_product,I,
1933,Fabrikam Refrigerator 24.7CuFt X9800 Orange,fabrikam refrigerator 24.7cuft x9800 orange,0802037,Fabrikam,8,802,dim_contoso_product,I,
1934,Fabrikam Refrigerator 19CuFt M7600 Orange,fabrikam refrigerator 19cuft m7600 orange,0802038,Fabrikam,8,802,dim_contoso_product,I,
1935,Fabrikam Refrigerator 9.7CuFt M5600 Orange,fabrikam refrigerator 9.7cuft m5600 orange,0802039,Fabrikam,8,802,dim_contoso_product,I,
1936,Fabrikam Refrigerator 4.6CuFt E2800 Orange,fabrikam refrigerator 4.6cuft e2800 orange,0802040,Fabrikam,8,802,dim_contoso_product,I,
1937,Fabrikam Refrigerator 3.2CuFt E1600 Orange,fabrikam refrigerator 3.2cuft e1600 orange,0802041,Fabrikam,8,802,dim_contoso_product,I,
1938,Fabrikam Refrigerator 1.7CuFt E1200 Orange,fabrikam refrigerator 1.7cuft e1200 orange,0802042,Fabrikam,8,802,dim_contoso_product,I,
1939,Litware Refrigerator 24.7CuFt X980 White,litware refrigerator 24.7cuft x980 white,0802043,Litware,8,802,dim_contoso_product,I,
1940,Litware Refrigerator 19CuFt M760 White,litware refrigerator 19cuft m760 white,0802044,Litware,8,802,dim_contoso_product,I,
1941,Litware Refrigerator 9.7CuFt M560 White,litware refrigerator 9.7cuft m560 white,0802045,Litware,8,802,dim_contoso_product,I,
1942,Litware Refrigerator 4.6CuFt E280 White,litware refrigerator 4.6cuft e280 white,0802046,Litware,8,802,dim_contoso_product,I,
1943,Litware Refrigerator 3.2CuFt E160 White,litware refrigerator 3.2cuft e160 white,0802047,Litware,8,802,dim_contoso_product,I,
1944,Litware Refrigerator 1.7CuFt E120 White,litware refrigerator 1.7cuft e120 white,0802048,Litware,8,802,dim_contoso_product,I,
1945,Litware Refrigerator 24.7CuFt X980 Brown,litware refrigerator 24.7cuft x980 brown,0802049,Litware,8,802,dim_contoso_product,I,
1946,Litware Refrigerator 19CuFt M760 Brown,litware refrigerator 19cuft m760 brown,0802050,Litware,8,802,dim_contoso_product,I,
1947,Litware Refrigerator 9.7CuFt M560 Brown,litware refrigerator 9.7cuft m560 brown,0802051,Litware,8,802,dim_contoso_product,I,
1948,Litware Refrigerator 4.6CuFt E280 Brown,litware refrigerator 4.6cuft e280 brown,0802052,Litware,8,802,dim_contoso_product,I,
1949,Litware Refrigerator 3.2CuFt E160 Brown,litware refrigerator 3.2cuft e160 brown,0802053,Litware,8,802,dim_contoso_product,I,
1950,Litware Refrigerator 1.7CuFt E120 Brown,litware refrigerator 1.7cuft e120 brown,0802054,Litware,8,802,dim_contoso_product,I,
1951,Litware Refrigerator 24.7CuFt X980 Silver,litware refrigerator 24.7cuft x980 silver,0802055,Litware,8,802,dim_contoso_product,I,
1952,Litware Refrigerator 19CuFt M760 Silver,litware refrigerator 19cuft m760 silver,0802056,Litware,8,802,dim_contoso_product,I,
1953,Litware Refrigerator 9.7CuFt M560 Silver,litware refrigerator 9.7cuft m560 silver,0802057,Litware,8,802,dim_contoso_product,I,
1954,Litware Refrigerator 4.6CuFt E280 Silver,litware refrigerator 4.6cuft e280 silver,0802058,Litware,8,802,dim_contoso_product,I,
1955,Litware Refrigerator 3.2CuFt E160 Silver,litware refrigerator 3.2cuft e160 silver,0802059,Litware,8,802,dim_contoso_product,I,
1956,Litware Refrigerator 1.7CuFt E120 Silver,litware refrigerator 1.7cuft e120 silver,0802060,Litware,8,802,dim_contoso_product,I,
1957,Litware Refrigerator 24.7CuFt X980 Green,litware refrigerator 24.7cuft x980 green,0802061,Litware,8,802,dim_contoso_product,I,
1958,Litware Refrigerator 19CuFt M760 Green,litware refrigerator 19cuft m760 green,0802062,Litware,8,802,dim_contoso_product,I,
1959,Litware Refrigerator 9.7CuFt M560 Green,litware refrigerator 9.7cuft m560 green,0802063,Litware,8,802,dim_contoso_product,I,
1960,Litware Refrigerator 4.6CuFt E280 Green,litware refrigerator 4.6cuft e280 green,0802064,Litware,8,802,dim_contoso_product,I,
1961,Litware Refrigerator 3.2CuFt E160 Green,litware refrigerator 3.2cuft e160 green,0802065,Litware,8,802,dim_contoso_product,I,
1962,Litware Refrigerator 1.7CuFt E120 Green,litware refrigerator 1.7cuft e120 green,0802066,Litware,8,802,dim_contoso_product,I,
1963,Litware Refrigerator 24.7CuFt X980 Blue,litware refrigerator 24.7cuft x980 blue,0802067,Litware,8,802,dim_contoso_product,I,
1964,Litware Refrigerator 19CuFt M760 Blue,litware refrigerator 19cuft m760 blue,0802068,Litware,8,802,dim_contoso_product,I,
1965,Litware Refrigerator 9.7CuFt M560 Blue,litware refrigerator 9.7cuft m560 blue,0802069,Litware,8,802,dim_contoso_product,I,
1966,Litware Refrigerator 4.6CuFt E280 Blue,litware refrigerator 4.6cuft e280 blue,0802070,Litware,8,802,dim_contoso_product,I,
1967,Litware Refrigerator 3.2CuFt E160 Blue,litware refrigerator 3.2cuft e160 blue,0802071,Litware,8,802,dim_contoso_product,I,
1968,Litware Refrigerator 1.7CuFt E120 Blue,litware refrigerator 1.7cuft e120 blue,0802072,Litware,8,802,dim_contoso_product,I,
1969,Litware Refrigerator 24.7CuFt X980 Grey,litware refrigerator 24.7cuft x980 grey,0802073,Litware,8,802,dim_contoso_product,I,
1970,Litware Refrigerator 19CuFt M760 Grey,litware refrigerator 19cuft m760 grey,0802074,Litware,8,802,dim_contoso_product,I,
1971,Litware Refrigerator 9.7CuFt M560 Grey,litware refrigerator 9.7cuft m560 grey,0802075,Litware,8,802,dim_contoso_product,I,
1972,Litware Refrigerator 4.6CuFt E280 Grey,litware refrigerator 4.6cuft e280 grey,0802076,Litware,8,802,dim_contoso_product,I,
1973,Litware Refrigerator 3.2CuFt E160 Grey,litware refrigerator 3.2cuft e160 grey,0802077,Litware,8,802,dim_contoso_product,I,
1974,Litware Refrigerator 1.7CuFt E120 Grey,litware refrigerator 1.7cuft e120 grey,0802078,Litware,8,802,dim_contoso_product,I,
1975,Litware Refrigerator L1200 Orange,litware refrigerator l1200 orange,0802079,Litware,8,802,dim_contoso_product,I,
1976,Litware Refrigerator 19CuFt M760 Orange,litware refrigerator 19cuft m760 orange,0802080,Litware,8,802,dim_contoso_product,I,
1977,Litware Refrigerator 9.7CuFt M560 Orange,litware refrigerator 9.7cuft m560 orange,0802081,Litware,8,802,dim_contoso_product,I,
1978,Litware Refrigerator 4.6CuFt E280 Orange,litware refrigerator 4.6cuft e280 orange,0802082,Litware,8,802,dim_contoso_product,I,
1979,Litware Refrigerator 3.2CuFt E160 Orange,litware refrigerator 3.2cuft e160 orange,0802083,Litware,8,802,dim_contoso_product,I,
1980,Litware Refrigerator 1.7CuFt E120 Orange,litware refrigerator 1.7cuft e120 orange,0802084,Litware,8,802,dim_contoso_product,I,
1981,Litware Refrigerator 19CuFt M760 Red,litware refrigerator 19cuft m760 red,0802085,Litware,8,802,dim_contoso_product,I,
1982,Litware Refrigerator 9.7CuFt M560 Red,litware refrigerator 9.7cuft m560 red,0802086,Litware,8,802,dim_contoso_product,I,
1983,Fabrikam Microwave 1.5CuFt X1100 White,fabrikam microwave 1.5cuft x1100 white,0803001,Fabrikam,8,803,dim_contoso_product,I,
1984,Fabrikam Microwave 2.2CuFt M1250 White,fabrikam microwave 2.2cuft m1250 white,0803002,Fabrikam,8,803,dim_contoso_product,I,
1985,Fabrikam Microwave 1.6CuFt M1250 White,fabrikam microwave 1.6cuft m1250 white,0803003,Fabrikam,8,803,dim_contoso_product,I,
1986,Fabrikam Microwave 1.0CuFt E1100 White,fabrikam microwave 1.0cuft e1100 white,0803004,Fabrikam,8,803,dim_contoso_product,I,
1987,Fabrikam Microwave 0.9CuFt E0900 White,fabrikam microwave 0.9cuft e0900 white,0803005,Fabrikam,8,803,dim_contoso_product,I,
1988,Fabrikam Microwave 0.8CuFt E0800 White,fabrikam microwave 0.8cuft e0800 white,0803006,Fabrikam,8,803,dim_contoso_product,I,
1989,Fabrikam Microwave 1.5CuFt X1100 Silver,fabrikam microwave 1.5cuft x1100 silver,0803007,Fabrikam,8,803,dim_contoso_product,I,
1990,Fabrikam Microwave 2.2CuFt M1250 Silver,fabrikam microwave 2.2cuft m1250 silver,0803008,Fabrikam,8,803,dim_contoso_product,I,
1991,Fabrikam Microwave 1.6CuFt M1250 Silver,fabrikam microwave 1.6cuft m1250 silver,0803009,Fabrikam,8,803,dim_contoso_product,I,
1992,Fabrikam Microwave 1.0CuFt E1100 Silver,fabrikam microwave 1.0cuft e1100 silver,0803010,Fabrikam,8,803,dim_contoso_product,I,
1993,Fabrikam Microwave 0.9CuFt E0900 Silver,fabrikam microwave 0.9cuft e0900 silver,0803011,Fabrikam,8,803,dim_contoso_product,I,
1994,Fabrikam Microwave 0.8CuFt E0800 Silver,fabrikam microwave 0.8cuft e0800 silver,0803012,Fabrikam,8,803,dim_contoso_product,I,
1995,Fabrikam Microwave 1.5CuFt X1100 Grey,fabrikam microwave 1.5cuft x1100 grey,0803013,Fabrikam,8,803,dim_contoso_product,I,
1996,Fabrikam Microwave 2.2CuFt M1250 Grey,fabrikam microwave 2.2cuft m1250 grey,0803014,Fabrikam,8,803,dim_contoso_product,I,
1997,Fabrikam Microwave 1.6CuFt M1250 Grey,fabrikam microwave 1.6cuft m1250 grey,0803015,Fabrikam,8,803,dim_contoso_product,I,
1998,Fabrikam Microwave 1.0CuFt E1100 Grey,fabrikam microwave 1.0cuft e1100 grey,0803016,Fabrikam,8,803,dim_contoso_product,I,
1999,Fabrikam Microwave 0.9CuFt E0900 Grey,fabrikam microwave 0.9cuft e0900 grey,0803017,Fabrikam,8,803,dim_contoso_product,I,
2000,Fabrikam Microwave 0.8CuFt E0800 Grey,fabrikam microwave 0.8cuft e0800 grey,0803018,Fabrikam,8,803,dim_contoso_product,I,
2001,Fabrikam Microwave 1.5CuFt X1100 Red,fabrikam microwave 1.5cuft x1100 red,0803019,Fabrikam,8,803,dim_contoso_product,I,
2002,Fabrikam Microwave 2.2CuFt M1250 Red,fabrikam microwave 2.2cuft m1250 red,0803020,Fabrikam,8,803,dim_contoso_product,I,
2003,Fabrikam Microwave 1.6CuFt M1250 Red,fabrikam microwave 1.6cuft m1250 red,0803021,Fabrikam,8,803,dim_contoso_product,I,
2004,Fabrikam Microwave 1.0CuFt E1100 Red,fabrikam microwave 1.0cuft e1100 red,0803022,Fabrikam,8,803,dim_contoso_product,I,
2005,Fabrikam Microwave 0.9CuFt E0900 Red,fabrikam microwave 0.9cuft e0900 red,0803023,Fabrikam,8,803,dim_contoso_product,I,
2006,Fabrikam Microwave 0.8CuFt E0800 Red,fabrikam microwave 0.8cuft e0800 red,0803024,Fabrikam,8,803,dim_contoso_product,I,
2007,Fabrikam Microwave 1.5CuFt X1100 Black,fabrikam microwave 1.5cuft x1100 black,0803025,Fabrikam,8,803,dim_contoso_product,I,
2008,Fabrikam Microwave 2.2CuFt M1250 Black,fabrikam microwave 2.2cuft m1250 black,0803026,Fabrikam,8,803,dim_contoso_product,I,
2009,Fabrikam Microwave 1.6CuFt M1250 Black,fabrikam microwave 1.6cuft m1250 black,0803027,Fabrikam,8,803,dim_contoso_product,I,
2010,Fabrikam Microwave 1.0CuFt E1100 Black,fabrikam microwave 1.0cuft e1100 black,0803028,Fabrikam,8,803,dim_contoso_product,I,
2011,Fabrikam Microwave 0.9CuFt E0900 Black,fabrikam microwave 0.9cuft e0900 black,0803029,Fabrikam,8,803,dim_contoso_product,I,
2012,Fabrikam Microwave 0.8CuFt E0800 Black,fabrikam microwave 0.8cuft e0800 black,0803030,Fabrikam,8,803,dim_contoso_product,I,
2013,Fabrikam Microwave 1.5CuFt X1100 Blue,fabrikam microwave 1.5cuft x1100 blue,0803031,Fabrikam,8,803,dim_contoso_product,I,
2014,Fabrikam Microwave 2.2CuFt M1250 Blue,fabrikam microwave 2.2cuft m1250 blue,0803032,Fabrikam,8,803,dim_contoso_product,I,
2015,Fabrikam Microwave 1.6CuFt M1250 Blue,fabrikam microwave 1.6cuft m1250 blue,0803033,Fabrikam,8,803,dim_contoso_product,I,
2016,Fabrikam Microwave 1.0CuFt E1100 Blue,fabrikam microwave 1.0cuft e1100 blue,0803034,Fabrikam,8,803,dim_contoso_product,I,
2017,Fabrikam Microwave 0.9CuFt E0900 Blue,fabrikam microwave 0.9cuft e0900 blue,0803035,Fabrikam,8,803,dim_contoso_product,I,
2018,Fabrikam Microwave 0.8CuFt E0800 Blue,fabrikam microwave 0.8cuft e0800 blue,0803036,Fabrikam,8,803,dim_contoso_product,I,
2019,Litware Microwave 1.5CuFt X110 White,litware microwave 1.5cuft x110 white,0803037,Litware,8,803,dim_contoso_product,I,
2020,Litware Microwave 2.2CuFt M125 White,litware microwave 2.2cuft m125 white,0803038,Litware,8,803,dim_contoso_product,I,
2021,Litware Microwave 1.6CuFt M125 White,litware microwave 1.6cuft m125 white,0803039,Litware,8,803,dim_contoso_product,I,
2022,Litware Microwave 1.0CuFt E110 White,litware microwave 1.0cuft e110 white,0803040,Litware,8,803,dim_contoso_product,I,
2023,Litware Microwave 0.9CuFt E090 White,litware microwave 0.9cuft e090 white,0803041,Litware,8,803,dim_contoso_product,I,
2024,Litware Microwave 0.8CuFt E080 White,litware microwave 0.8cuft e080 white,0803042,Litware,8,803,dim_contoso_product,I,
2025,Litware Microwave 1.5CuFt X110 Silver,litware microwave 1.5cuft x110 silver,0803043,Litware,8,803,dim_contoso_product,I,
2026,Litware Microwave 2.2CuFt M125 Silver,litware microwave 2.2cuft m125 silver,0803044,Litware,8,803,dim_contoso_product,I,
2027,Litware Microwave 1.6CuFt M125 Silver,litware microwave 1.6cuft m125 silver,0803045,Litware,8,803,dim_contoso_product,I,
2028,Litware Microwave 1.0CuFt E110 Silver,litware microwave 1.0cuft e110 silver,0803046,Litware,8,803,dim_contoso_product,I,
2029,Litware Microwave 0.9CuFt E090 Silver,litware microwave 0.9cuft e090 silver,0803047,Litware,8,803,dim_contoso_product,I,
2030,Litware Microwave 0.8CuFt E080 Silver,litware microwave 0.8cuft e080 silver,0803048,Litware,8,803,dim_contoso_product,I,
2031,Litware Microwave 1.5CuFt X110 Grey,litware microwave 1.5cuft x110 grey,0803049,Litware,8,803,dim_contoso_product,I,
2032,Litware Microwave 2.2CuFt M125 Grey,litware microwave 2.2cuft m125 grey,0803050,Litware,8,803,dim_contoso_product,I,
2033,Litware Microwave 1.6CuFt M125 Grey,litware microwave 1.6cuft m125 grey,0803051,Litware,8,803,dim_contoso_product,I,
2034,Litware Microwave 1.0CuFt E110 Grey,litware microwave 1.0cuft e110 grey,0803052,Litware,8,803,dim_contoso_product,I,
2035,Litware Microwave 0.9CuFt E090 Grey,litware microwave 0.9cuft e090 grey,0803053,Litware,8,803,dim_contoso_product,I,
2036,Litware Microwave 0.8CuFt E080 Grey,litware microwave 0.8cuft e080 grey,0803054,Litware,8,803,dim_contoso_product,I,
2037,Litware Microwave 1.5CuFt X110 Red,litware microwave 1.5cuft x110 red,0803055,Litware,8,803,dim_contoso_product,I,
2038,Litware Microwave 2.2CuFt M125 Red,litware microwave 2.2cuft m125 red,0803056,Litware,8,803,dim_contoso_product,I,
2039,Litware Microwave 1.6CuFt M125 Red,litware microwave 1.6cuft m125 red,0803057,Litware,8,803,dim_contoso_product,I,
2040,Litware Microwave 1.0CuFt E110 Red,litware microwave 1.0cuft e110 red,0803058,Litware,8,803,dim_contoso_product,I,
2041,Litware Microwave 0.9CuFt E090 Red,litware microwave 0.9cuft e090 red,0803059,Litware,8,803,dim_contoso_product,I,
2042,Litware Microwave 0.8CuFt E080 Red,litware microwave 0.8cuft e080 red,0803060,Litware,8,803,dim_contoso_product,I,
2043,Litware Microwave 1.5CuFt X110 Black,litware microwave 1.5cuft x110 black,0803061,Litware,8,803,dim_contoso_product,I,
2044,Litware Microwave 2.2CuFt M125 Black,litware microwave 2.2cuft m125 black,0803062,Litware,8,803,dim_contoso_product,I,
2045,Litware Microwave 1.6CuFt M125 Black,litware microwave 1.6cuft m125 black,0803063,Litware,8,803,dim_contoso_product,I,
2046,Litware Microwave 1.0CuFt E110 Black,litware microwave 1.0cuft e110 black,0803064,Litware,8,803,dim_contoso_product,I,
2047,Litware Microwave 0.9CuFt E090 Black,litware microwave 0.9cuft e090 black,0803065,Litware,8,803,dim_contoso_product,I,
2048,Litware Microwave 0.8CuFt E080 Black,litware microwave 0.8cuft e080 black,0803066,Litware,8,803,dim_contoso_product,I,
2049,Litware Microwave 1.5CuFt X110 Blue,litware microwave 1.5cuft x110 blue,0803067,Litware,8,803,dim_contoso_product,I,
2050,Litware Microwave 2.2CuFt M125 Blue,litware microwave 2.2cuft m125 blue,0803068,Litware,8,803,dim_contoso_product,I,
2051,Litware Microwave 1.6CuFt M125 Blue,litware microwave 1.6cuft m125 blue,0803069,Litware,8,803,dim_contoso_product,I,
2052,Litware Microwave 1.0CuFt E110 Blue,litware microwave 1.0cuft e110 blue,0803070,Litware,8,803,dim_contoso_product,I,
2053,Litware Microwave 0.9CuFt E090 Blue,litware microwave 0.9cuft e090 blue,0803071,Litware,8,803,dim_contoso_product,I,
2054,Litware Microwave 0.8CuFt E080 Blue,litware microwave 0.8cuft e080 blue,0803072,Litware,8,803,dim_contoso_product,I,
2055,Contoso Microwave 1.5CuFt X0110 White,contoso microwave 1.5cuft x0110 white,0803073,Contoso,8,803,dim_contoso_product,I,
2056,Contoso Microwave 2.2CuFt M0125 White,contoso microwave 2.2cuft m0125 white,0803074,Contoso,8,803,dim_contoso_product,I,
2057,Contoso Microwave 1.6CuFt M0125 White,contoso microwave 1.6cuft m0125 white,0803075,Contoso,8,803,dim_contoso_product,I,
2058,Contoso Microwave 1.0CuFt E0110 White,contoso microwave 1.0cuft e0110 white,0803076,Contoso,8,803,dim_contoso_product,I,
2059,Contoso Microwave 0.9CuFt E0090 White,contoso microwave 0.9cuft e0090 white,0803077,Contoso,8,803,dim_contoso_product,I,
2060,Contoso Microwave 0.8CuFt E0080 White,contoso microwave 0.8cuft e0080 white,0803078,Contoso,8,803,dim_contoso_product,I,
2061,Contoso Microwave 1.5CuFt X0110 Silver,contoso microwave 1.5cuft x0110 silver,0803079,Contoso,8,803,dim_contoso_product,I,
2062,Contoso Microwave 2.2CuFt M0125 Silver,contoso microwave 2.2cuft m0125 silver,0803080,Contoso,8,803,dim_contoso_product,I,
2063,Contoso Microwave 1.6CuFt M0125 Silver,contoso microwave 1.6cuft m0125 silver,0803081,Contoso,8,803,dim_contoso_product,I,
2064,Contoso Microwave 1.0CuFt E0110 Silver,contoso microwave 1.0cuft e0110 silver,0803082,Contoso,8,803,dim_contoso_product,I,
2065,Contoso Microwave 0.9CuFt E0090 Silver,contoso microwave 0.9cuft e0090 silver,0803083,Contoso,8,803,dim_contoso_product,I,
2066,Contoso Microwave 0.8CuFt E0080 Silver,contoso microwave 0.8cuft e0080 silver,0803084,Contoso,8,803,dim_contoso_product,I,
2067,Contoso Microwave 1.5CuFt X0110 Grey,contoso microwave 1.5cuft x0110 grey,0803085,Contoso,8,803,dim_contoso_product,I,
2068,Contoso Microwave 2.2CuFt M0125 Grey,contoso microwave 2.2cuft m0125 grey,0803086,Contoso,8,803,dim_contoso_product,I,
2069,Contoso Microwave 2.2CuFt M0126 Grey,contoso microwave 2.2cuft m0126 grey,0803087,Contoso,8,803,dim_contoso_product,I,
2070,Contoso Microwave 1.0CuFt E0110 Grey,contoso microwave 1.0cuft e0110 grey,0803088,Contoso,8,803,dim_contoso_product,I,
2071,Contoso Microwave 0.9CuFt E0090 Grey,contoso microwave 0.9cuft e0090 grey,0803089,Contoso,8,803,dim_contoso_product,I,
2072,Contoso Microwave 0.8CuFt E0080 Grey,contoso microwave 0.8cuft e0080 grey,0803090,Contoso,8,803,dim_contoso_product,I,
2073,Contoso Microwave 1.5CuFt X0110 Red,contoso microwave 1.5cuft x0110 red,0803091,Contoso,8,803,dim_contoso_product,I,
2074,Contoso Microwave 2.2CuFt M0125 Red,contoso microwave 2.2cuft m0125 red,0803092,Contoso,8,803,dim_contoso_product,I,
2075,Contoso Microwave 1.6CuFt M0125 Red,contoso microwave 1.6cuft m0125 red,0803093,Contoso,8,803,dim_contoso_product,I,
2076,Contoso Microwave 1.0CuFt E0110 Red,contoso microwave 1.0cuft e0110 red,0803094,Contoso,8,803,dim_contoso_product,I,
2077,Contoso Microwave 0.9CuFt E0090 Red,contoso microwave 0.9cuft e0090 red,0803095,Contoso,8,803,dim_contoso_product,I,
2078,Contoso Microwave 0.8CuFt E0080 Red,contoso microwave 0.8cuft e0080 red,0803096,Contoso,8,803,dim_contoso_product,I,
2079,Contoso Microwave 1.5CuFt X0110 Black,contoso microwave 1.5cuft x0110 black,0803097,Contoso,8,803,dim_contoso_product,I,
2080,Contoso Microwave 2.2CuFt M0125 Black,contoso microwave 2.2cuft m0125 black,0803098,Contoso,8,803,dim_contoso_product,I,
2081,Contoso Microwave 1.6CuFt M0125 Black,contoso microwave 1.6cuft m0125 black,0803099,Contoso,8,803,dim_contoso_product,I,
2082,Contoso Microwave 1.0CuFt E0110 Black,contoso microwave 1.0cuft e0110 black,0803100,Contoso,8,803,dim_contoso_product,I,
2083,Contoso Microwave 0.9CuFt E0090 Black,contoso microwave 0.9cuft e0090 black,0803101,Contoso,8,803,dim_contoso_product,I,
2084,Contoso Microwave 0.8CuFt E0080 Black,contoso microwave 0.8cuft e0080 black,0803102,Contoso,8,803,dim_contoso_product,I,
2085,Contoso Water Heater 7.2GPM X1800 White,contoso water heater 7.2gpm x1800 white,0804001,Contoso,8,804,dim_contoso_product,I,
2086,Contoso Water Heater 4.3GPM M1250 White,contoso water heater 4.3gpm m1250 white,0804002,Contoso,8,804,dim_contoso_product,I,
2087,Contoso Water Heater 4.0GPM M1250 White,contoso water heater 4.0gpm m1250 white,0804003,Contoso,8,804,dim_contoso_product,I,
2088,Contoso Water Heater 2.6GPM E0900 White,contoso water heater 2.6gpm e0900 white,0804004,Contoso,8,804,dim_contoso_product,I,
2089,Contoso Water Heater 1.5GPM E0800 White,contoso water heater 1.5gpm e0800 white,0804005,Contoso,8,804,dim_contoso_product,I,
2090,Contoso Water Heater 7.2GPM X1800 Blue,contoso water heater 7.2gpm x1800 blue,0804006,Contoso,8,804,dim_contoso_product,I,
2091,Contoso Water Heater 4.3GPM M1250 Blue,contoso water heater 4.3gpm m1250 blue,0804007,Contoso,8,804,dim_contoso_product,I,
2092,Contoso Water Heater 4.0GPM M1250 Blue,contoso water heater 4.0gpm m1250 blue,0804008,Contoso,8,804,dim_contoso_product,I,
2093,Contoso Water Heater 2.6GPM E0900 Blue,contoso water heater 2.6gpm e0900 blue,0804009,Contoso,8,804,dim_contoso_product,I,
2094,Contoso Water Heater 1.5GPM E0800 Blue,contoso water heater 1.5gpm e0800 blue,0804010,Contoso,8,804,dim_contoso_product,I,
2095,Contoso Water Heater 7.2GPM X1800 Green,contoso water heater 7.2gpm x1800 green,0804011,Contoso,8,804,dim_contoso_product,I,
2096,Contoso Water Heater 4.3GPM M1250 Green,contoso water heater 4.3gpm m1250 green,0804012,Contoso,8,804,dim_contoso_product,I,
2097,Contoso Water Heater 4.0GPM M1250 Green,contoso water heater 4.0gpm m1250 green,0804013,Contoso,8,804,dim_contoso_product,I,
2098,Contoso Water Heater 2.6GPM E0900 Green,contoso water heater 2.6gpm e0900 green,0804014,Contoso,8,804,dim_contoso_product,I,
2099,Contoso Water Heater 1.5GPM E0800 Green,contoso water heater 1.5gpm e0800 green,0804015,Contoso,8,804,dim_contoso_product,I,
2100,Contoso Water Heater 7.2GPM X1800 Silver,contoso water heater 7.2gpm x1800 silver,0804016,Contoso,8,804,dim_contoso_product,I,
2101,Contoso Water Heater 4.3GPM M1250 Silver,contoso water heater 4.3gpm m1250 silver,0804017,Contoso,8,804,dim_contoso_product,I,
2102,Contoso Water Heater 4.0GPM M1250 Silver,contoso water heater 4.0gpm m1250 silver,0804018,Contoso,8,804,dim_contoso_product,I,
2103,Contoso Water Heater 2.6GPM E0900 Silver,contoso water heater 2.6gpm e0900 silver,0804019,Contoso,8,804,dim_contoso_product,I,
2104,Contoso Water Heater 1.5GPM E0800 Silver,contoso water heater 1.5gpm e0800 silver,0804020,Contoso,8,804,dim_contoso_product,I,
2105,Contoso Water Heater 7.2GPM X1800 Grey,contoso water heater 7.2gpm x1800 grey,0804021,Contoso,8,804,dim_contoso_product,I,
2106,Contoso Water Heater 4.3GPM M1250 Grey,contoso water heater 4.3gpm m1250 grey,0804022,Contoso,8,804,dim_contoso_product,I,
2107,Contoso Water Heater 4.0GPM M1250 Grey,contoso water heater 4.0gpm m1250 grey,0804023,Contoso,8,804,dim_contoso_product,I,
2108,Contoso Water Heater 2.6GPM E0900 Grey,contoso water heater 2.6gpm e0900 grey,0804024,Contoso,8,804,dim_contoso_product,I,
2109,Contoso Water Heater 1.5GPM E0800 Grey,contoso water heater 1.5gpm e0800 grey,0804025,Contoso,8,804,dim_contoso_product,I,
2110,Contoso Water Heater 7.2GPM X1800 Red,contoso water heater 7.2gpm x1800 red,0804026,Contoso,8,804,dim_contoso_product,I,
2111,Contoso Water Heater 4.3GPM M1250 Red,contoso water heater 4.3gpm m1250 red,0804027,Contoso,8,804,dim_contoso_product,I,
2112,Contoso Water Heater 4.0GPM M1250 Red,contoso water heater 4.0gpm m1250 red,0804028,Contoso,8,804,dim_contoso_product,I,
2113,Contoso Water Heater 2.6GPM E0900 Red,contoso water heater 2.6gpm e0900 red,0804029,Contoso,8,804,dim_contoso_product,I,
2114,Contoso Water Heater 1.5GPM E0800 Red,contoso water heater 1.5gpm e0800 red,0804030,Contoso,8,804,dim_contoso_product,I,
2115,Contoso Water Heater 4.3GPM M1250 Yellow,contoso water heater 4.3gpm m1250 yellow,0804031,Contoso,8,804,dim_contoso_product,I,
2116,Contoso Coffee Maker Super-Auto 12C X1250 Black,contoso coffee maker super-auto 12c x1250 black,0805001,Contoso,8,805,dim_contoso_product,I,
2117,Contoso Coffee Maker Auto 10C M1000 Black,contoso coffee maker auto 10c m1000 black,0805002,Contoso,8,805,dim_contoso_product,I,
2118,Contoso Coffee Maker 12C M1000 Black,contoso coffee maker 12c m1000 black,0805003,Contoso,8,805,dim_contoso_product,I,
2119,Contoso Coffee Maker Auto 5C E0900 Black,contoso coffee maker auto 5c e0900 black,0805004,Contoso,8,805,dim_contoso_product,I,
2120,Contoso Coffee Maker 5C E0900 Black,contoso coffee maker 5c e0900 black,0805005,Contoso,8,805,dim_contoso_product,I,
2121,Contoso Coffee Maker 4C E0800 Black,contoso coffee maker 4c e0800 black,0805006,Contoso,8,805,dim_contoso_product,I,
2122,Contoso Coffee Maker Super-Auto 12C X1250 Silver,contoso coffee maker super-auto 12c x1250 silver,0805007,Contoso,8,805,dim_contoso_product,I,
2123,Contoso Coffee Maker Auto 10C M1000 Silver,contoso coffee maker auto 10c m1000 silver,0805008,Contoso,8,805,dim_contoso_product,I,
2124,Contoso Coffee Maker 12C M1000 Silver,contoso coffee maker 12c m1000 silver,0805009,Contoso,8,805,dim_contoso_product,I,
2125,Contoso Coffee Maker Auto 5C E0900 Silver,contoso coffee maker auto 5c e0900 silver,0805010,Contoso,8,805,dim_contoso_product,I,
2126,Contoso Coffee Maker 5C E0900 Silver,contoso coffee maker 5c e0900 silver,0805011,Contoso,8,805,dim_contoso_product,I,
2127,Contoso Coffee Maker 4C E0800 Silver,contoso coffee maker 4c e0800 silver,0805012,Contoso,8,805,dim_contoso_product,I,
2128,Contoso Coffee Maker Super-Auto 12C X1250 White,contoso coffee maker super-auto 12c x1250 white,0805013,Contoso,8,805,dim_contoso_product,I,
2129,Contoso Coffee Maker Auto 10C M1000 White,contoso coffee maker auto 10c m1000 white,0805014,Contoso,8,805,dim_contoso_product,I,
2130,Contoso Coffee Maker 12C M1000 White,contoso coffee maker 12c m1000 white,0805015,Contoso,8,805,dim_contoso_product,I,
2131,Contoso Coffee Maker Auto 5C E0900 White,contoso coffee maker auto 5c e0900 white,0805016,Contoso,8,805,dim_contoso_product,I,
2132,Contoso Coffee Maker 5C E0900 White,contoso coffee maker 5c e0900 white,0805017,Contoso,8,805,dim_contoso_product,I,
2133,Contoso Coffee Maker 4C E0800 White,contoso coffee maker 4c e0800 white,0805018,Contoso,8,805,dim_contoso_product,I,
2134,Contoso Coffee Maker Super-Auto 12C X1250 Grey,contoso coffee maker super-auto 12c x1250 grey,0805019,Contoso,8,805,dim_contoso_product,I,
2135,Contoso Coffee Maker Auto 10C M1000 Grey,contoso coffee maker auto 10c m1000 grey,0805020,Contoso,8,805,dim_contoso_product,I,
2136,Contoso Coffee Maker 12C M1000 Grey,contoso coffee maker 12c m1000 grey,0805021,Contoso,8,805,dim_contoso_product,I,
2137,Contoso Coffee Maker Auto 5C E0900 Grey,contoso coffee maker auto 5c e0900 grey,0805022,Contoso,8,805,dim_contoso_product,I,
2138,Contoso Coffee Maker 5C E0900 Grey,contoso coffee maker 5c e0900 grey,0805023,Contoso,8,805,dim_contoso_product,I,
2139,Contoso Coffee Maker 4C E0800 Grey,contoso coffee maker 4c e0800 grey,0805024,Contoso,8,805,dim_contoso_product,I,
2140,Adventure Works Coffee Maker Super-Auto 12C X125 Black,adventure works coffee maker super-auto 12c x125 black,0805025,Adventure Works,8,805,dim_contoso_product,I,
2141,Adventure Works Coffee Maker Auto 10C M100 Black,adventure works coffee maker auto 10c m100 black,0805026,Adventure Works,8,805,dim_contoso_product,I,
2142,Adventure Works Coffee Maker 12C M100 Black,adventure works coffee maker 12c m100 black,0805027,Adventure Works,8,805,dim_contoso_product,I,
2143,Adventure Works Coffee Maker Auto 5C E090 Black,adventure works coffee maker auto 5c e090 black,0805028,Adventure Works,8,805,dim_contoso_product,I,
2144,Adventure Works Coffee Maker 5C E090 Black,adventure works coffee maker 5c e090 black,0805029,Adventure Works,8,805,dim_contoso_product,I,
2145,Adventure Works Coffee Maker 4C E080 Black,adventure works coffee maker 4c e080 black,0805030,Adventure Works,8,805,dim_contoso_product,I,
2146,Adventure Works Coffee Maker Super-Auto 12C X125 Silver,adventure works coffee maker super-auto 12c x125 silver,0805031,Adventure Works,8,805,dim_contoso_product,I,
2147,Adventure Works Coffee Maker Auto 10C M100 Silver,adventure works coffee maker auto 10c m100 silver,0805032,Adventure Works,8,805,dim_contoso_product,I,
2148,Adventure Works Coffee Maker 12C M100 Silver,adventure works coffee maker 12c m100 silver,0805033,Adventure Works,8,805,dim_contoso_product,I,
2149,Adventure Works Coffee Maker Auto 5C E090 Silver,adventure works coffee maker auto 5c e090 silver,0805034,Adventure Works,8,805,dim_contoso_product,I,
2150,Adventure Works Coffee Maker 5C E090 Silver,adventure works coffee maker 5c e090 silver,0805035,Adventure Works,8,805,dim_contoso_product,I,
2151,Adventure Works Coffee Maker 4C E080 Silver,adventure works coffee maker 4c e080 silver,0805036,Adventure Works,8,805,dim_contoso_product,I,
2152,Adventure Works Coffee Maker Super-Auto 12C X125 White,adventure works coffee maker super-auto 12c x125 white,0805037,Adventure Works,8,805,dim_contoso_product,I,
2153,Adventure Works Coffee Maker Auto 10C M100 White,adventure works coffee maker auto 10c m100 white,0805038,Adventure Works,8,805,dim_contoso_product,I,
2154,Adventure Works Coffee Maker 12C M100 White,adventure works coffee maker 12c m100 white,0805039,Adventure Works,8,805,dim_contoso_product,I,
2155,Adventure Works Coffee Maker Auto 5C E090 White,adventure works coffee maker auto 5c e090 white,0805040,Adventure Works,8,805,dim_contoso_product,I,
2156,Adventure Works Coffee Maker 5C E090 White,adventure works coffee maker 5c e090 white,0805041,Adventure Works,8,805,dim_contoso_product,I,
2157,Adventure Works Coffee Maker 4C E080 White,adventure works coffee maker 4c e080 white,0805042,Adventure Works,8,805,dim_contoso_product,I,
2158,Adventure Works Coffee Maker Super-Auto 12C X125 Grey,adventure works coffee maker super-auto 12c x125 grey,0805043,Adventure Works,8,805,dim_contoso_product,I,
2159,Adventure Works Coffee Maker Auto 10C M100 Grey,adventure works coffee maker auto 10c m100 grey,0805044,Adventure Works,8,805,dim_contoso_product,I,
2160,Adventure Works Coffee Maker 12C M100 Grey,adventure works coffee maker 12c m100 grey,0805045,Adventure Works,8,805,dim_contoso_product,I,
2161,Adventure Works Coffee Maker Auto 5C E090 Grey,adventure works coffee maker auto 5c e090 grey,0805046,Adventure Works,8,805,dim_contoso_product,I,
2162,Adventure Works Coffee Maker 5C E090 Grey,adventure works coffee maker 5c e090 grey,0805047,Adventure Works,8,805,dim_contoso_product,I,
2163,Adventure Works Coffee Maker 4C E080 Grey,adventure works coffee maker 4c e080 grey,0805048,Adventure Works,8,805,dim_contoso_product,I,
2164,Fabrikam Coffee Maker Super-Auto 12C X125 Black,fabrikam coffee maker super-auto 12c x125 black,0805049,Fabrikam,8,805,dim_contoso_product,I,
2165,Fabrikam Coffee Maker Auto 10C M100 Black,fabrikam coffee maker auto 10c m100 black,0805050,Fabrikam,8,805,dim_contoso_product,I,
2166,Fabrikam Coffee Maker 12C M100 Black,fabrikam coffee maker 12c m100 black,0805051,Fabrikam,8,805,dim_contoso_product,I,
2167,Fabrikam Coffee Maker Auto 5C E090 Black,fabrikam coffee maker auto 5c e090 black,0805052,Fabrikam,8,805,dim_contoso_product,I,
2168,Fabrikam Coffee Maker 5C E090 Black,fabrikam coffee maker 5c e090 black,0805053,Fabrikam,8,805,dim_contoso_product,I,
2169,Fabrikam Coffee Maker 4C E080 Black,fabrikam coffee maker 4c e080 black,0805054,Fabrikam,8,805,dim_contoso_product,I,
2170,Fabrikam Coffee Maker Super-Auto 12C X125 Silver,fabrikam coffee maker super-auto 12c x125 silver,0805055,Fabrikam,8,805,dim_contoso_product,I,
2171,Fabrikam Coffee Maker Auto 10C M100 Silver,fabrikam coffee maker auto 10c m100 silver,0805056,Fabrikam,8,805,dim_contoso_product,I,
2172,Fabrikam Coffee Maker 12C M100 Silver,fabrikam coffee maker 12c m100 silver,0805057,Fabrikam,8,805,dim_contoso_product,I,
2173,Fabrikam Coffee Maker Auto 5C E090 Silver,fabrikam coffee maker auto 5c e090 silver,0805058,Fabrikam,8,805,dim_contoso_product,I,
2174,Fabrikam Coffee Maker 5C E090 Silver,fabrikam coffee maker 5c e090 silver,0805059,Fabrikam,8,805,dim_contoso_product,I,
2175,Fabrikam Coffee Maker 4C E080 Silver,fabrikam coffee maker 4c e080 silver,0805060,Fabrikam,8,805,dim_contoso_product,I,
2176,Fabrikam Coffee Maker Super-Auto 12C X125 White,fabrikam coffee maker super-auto 12c x125 white,0805061,Fabrikam,8,805,dim_contoso_product,I,
2177,Fabrikam Coffee Maker Auto 10C M100 White,fabrikam coffee maker auto 10c m100 white,0805062,Fabrikam,8,805,dim_contoso_product,I,
2178,Fabrikam Coffee Maker 12C M100 White,fabrikam coffee maker 12c m100 white,0805063,Fabrikam,8,805,dim_contoso_product,I,
2179,Fabrikam Coffee Maker Auto 5C E090 White,fabrikam coffee maker auto 5c e090 white,0805064,Fabrikam,8,805,dim_contoso_product,I,
2180,Fabrikam Coffee Maker 5C E090 White,fabrikam coffee maker 5c e090 white,0805065,Fabrikam,8,805,dim_contoso_product,I,
2181,Fabrikam Coffee Maker 4C E080 White,fabrikam coffee maker 4c e080 white,0805066,Fabrikam,8,805,dim_contoso_product,I,
2182,Fabrikam Coffee Maker Super-Auto 12C X125 Grey,fabrikam coffee maker super-auto 12c x125 grey,0805067,Fabrikam,8,805,dim_contoso_product,I,
2183,Fabrikam Coffee Maker Auto 10C M100 Grey,fabrikam coffee maker auto 10c m100 grey,0805068,Fabrikam,8,805,dim_contoso_product,I,
2184,Fabrikam Coffee Maker 12C M100 Grey,fabrikam coffee maker 12c m100 grey,0805069,Fabrikam,8,805,dim_contoso_product,I,
2185,Fabrikam Coffee Maker Auto 5C E090 Grey,fabrikam coffee maker auto 5c e090 grey,0805070,Fabrikam,8,805,dim_contoso_product,I,
2186,Fabrikam Coffee Maker 5C E090 Grey,fabrikam coffee maker 5c e090 grey,0805071,Fabrikam,8,805,dim_contoso_product,I,
2187,Fabrikam Coffee Maker 4C E080 Grey,fabrikam coffee maker 4c e080 grey,0805072,Fabrikam,8,805,dim_contoso_product,I,
2188,Fabrikam Coffee Maker 12C M100 Gold,fabrikam coffee maker 12c m100 gold,0805073,Fabrikam,8,805,dim_contoso_product,I,
2189,Fabrikam Coffee Maker Auto 5C E090 Gold,fabrikam coffee maker auto 5c e090 gold,0805074,Fabrikam,8,805,dim_contoso_product,I,
2190,Adventure Works Floor Lamp X1150 Black,adventure works floor lamp x1150 black,0806001,Adventure Works,8,806,dim_contoso_product,I,
2191,Adventure Works Floor Lamp M2150 Black,adventure works floor lamp m2150 black,0806002,Adventure Works,8,806,dim_contoso_product,I,
2192,Adventure Works Chandelier M8150 Black,adventure works chandelier m8150 black,0806003,Adventure Works,8,806,dim_contoso_product,I,
2193,Adventure Works Chandelier M6150 Black,adventure works chandelier m6150 black,0806004,Adventure Works,8,806,dim_contoso_product,I,
2194,Adventure Works Wall Lamp E2150 Black,adventure works wall lamp e2150 black,0806005,Adventure Works,8,806,dim_contoso_product,I,
2195,Adventure Works Wall Lamp E3150 Black,adventure works wall lamp e3150 black,0806006,Adventure Works,8,806,dim_contoso_product,I,
2196,Adventure Works Desk Lamp E1300 Black,adventure works desk lamp e1300 black,0806007,Adventure Works,8,806,dim_contoso_product,I,
2197,Adventure Works Desk Lamp E1200 Black,adventure works desk lamp e1200 black,0806008,Adventure Works,8,806,dim_contoso_product,I,
2198,Adventure Works Floor Lamp X1150 White,adventure works floor lamp x1150 white,0806009,Adventure Works,8,806,dim_contoso_product,I,
2199,Adventure Works Floor Lamp M2150 White,adventure works floor lamp m2150 white,0806010,Adventure Works,8,806,dim_contoso_product,I,
2200,Adventure Works Chandelier M8150 White,adventure works chandelier m8150 white,0806011,Adventure Works,8,806,dim_contoso_product,I,
2201,Adventure Works Chandelier M6150 White,adventure works chandelier m6150 white,0806012,Adventure Works,8,806,dim_contoso_product,I,
2202,Adventure Works Wall Lamp E2150 White,adventure works wall lamp e2150 white,0806013,Adventure Works,8,806,dim_contoso_product,I,
2203,Adventure Works Wall Lamp E3150 White,adventure works wall lamp e3150 white,0806014,Adventure Works,8,806,dim_contoso_product,I,
2204,Adventure Works Desk Lamp E1300 White,adventure works desk lamp e1300 white,0806015,Adventure Works,8,806,dim_contoso_product,I,
2205,Adventure Works Desk Lamp E1200 White,adventure works desk lamp e1200 white,0806016,Adventure Works,8,806,dim_contoso_product,I,
2206,Adventure Works Floor Lamp X1150 Silver,adventure works floor lamp x1150 silver,0806017,Adventure Works,8,806,dim_contoso_product,I,
2207,Adventure Works Floor Lamp M2150 Silver,adventure works floor lamp m2150 silver,0806018,Adventure Works,8,806,dim_contoso_product,I,
2208,Adventure Works Chandelier M8150 Silver,adventure works chandelier m8150 silver,0806019,Adventure Works,8,806,dim_contoso_product,I,
2209,Adventure Works Chandelier M6150 Silver,adventure works chandelier m6150 silver,0806020,Adventure Works,8,806,dim_contoso_product,I,
2210,Adventure Works Wall Lamp E2150 Silver,adventure works wall lamp e2150 silver,0806021,Adventure Works,8,806,dim_contoso_product,I,
2211,Adventure Works Wall Lamp E3150 Silver,adventure works wall lamp e3150 silver,0806022,Adventure Works,8,806,dim_contoso_product,I,
2212,Adventure Works Desk Lamp E1300 Silver,adventure works desk lamp e1300 silver,0806023,Adventure Works,8,806,dim_contoso_product,I,
2213,Adventure Works Desk Lamp E1200 Silver,adventure works desk lamp e1200 silver,0806024,Adventure Works,8,806,dim_contoso_product,I,
2214,Adventure Works Floor Lamp X1150 Grey,adventure works floor lamp x1150 grey,0806025,Adventure Works,8,806,dim_contoso_product,I,
2215,Adventure Works Floor Lamp M2150 Grey,adventure works floor lamp m2150 grey,0806026,Adventure Works,8,806,dim_contoso_product,I,
2216,Adventure Works Chandelier M8150 Grey,adventure works chandelier m8150 grey,0806027,Adventure Works,8,806,dim_contoso_product,I,
2217,Adventure Works Chandelier M6150 Grey,adventure works chandelier m6150 grey,0806028,Adventure Works,8,806,dim_contoso_product,I,
2218,Adventure Works Wall Lamp E2150 Grey,adventure works wall lamp e2150 grey,0806029,Adventure Works,8,806,dim_contoso_product,I,
2219,Adventure Works Wall Lamp E3150 Grey,adventure works wall lamp e3150 grey,0806030,Adventure Works,8,806,dim_contoso_product,I,
2220,Adventure Works Desk Lamp E1300 Grey,adventure works desk lamp e1300 grey,0806031,Adventure Works,8,806,dim_contoso_product,I,
2221,Adventure Works Desk Lamp E1200 Grey,adventure works desk lamp e1200 grey,0806032,Adventure Works,8,806,dim_contoso_product,I,
2222,Adventure Works Floor Lamp X1150 Blue,adventure works floor lamp x1150 blue,0806033,Adventure Works,8,806,dim_contoso_product,I,
2223,Adventure Works Floor Lamp M2150 Blue,adventure works floor lamp m2150 blue,0806034,Adventure Works,8,806,dim_contoso_product,I,
2224,Adventure Works Chandelier M8150 Blue,adventure works chandelier m8150 blue,0806035,Adventure Works,8,806,dim_contoso_product,I,
2225,Adventure Works Chandelier M6150 Blue,adventure works chandelier m6150 blue,0806036,Adventure Works,8,806,dim_contoso_product,I,
2226,Adventure Works Wall Lamp E2150 Blue,adventure works wall lamp e2150 blue,0806037,Adventure Works,8,806,dim_contoso_product,I,
2227,Adventure Works Wall Lamp E3150 Blue,adventure works wall lamp e3150 blue,0806038,Adventure Works,8,806,dim_contoso_product,I,
2228,Adventure Works Desk Lamp E1300 Blue,adventure works desk lamp e1300 blue,0806039,Adventure Works,8,806,dim_contoso_product,I,
2229,Adventure Works Desk Lamp E1200 Blue,adventure works desk lamp e1200 blue,0806040,Adventure Works,8,806,dim_contoso_product,I,
2230,WWI Floor Lamp X115 Black,wwi floor lamp x115 black,0806041,Wide World Importers,8,806,dim_contoso_product,I,
2231,WWI Floor Lamp M215 Black,wwi floor lamp m215 black,0806042,Wide World Importers,8,806,dim_contoso_product,I,
2232,WWI Chandelier M815 Black,wwi chandelier m815 black,0806043,Wide World Importers,8,806,dim_contoso_product,I,
2233,WWI Chandelier M615 Black,wwi chandelier m615 black,0806044,Wide World Importers,8,806,dim_contoso_product,I,
2234,WWI Wall Lamp E215 Black,wwi wall lamp e215 black,0806045,Wide World Importers,8,806,dim_contoso_product,I,
2235,WWI Wall Lamp E315 Black,wwi wall lamp e315 black,0806046,Wide World Importers,8,806,dim_contoso_product,I,
2236,WWI Desk Lamp E130 Black,wwi desk lamp e130 black,0806047,Wide World Importers,8,806,dim_contoso_product,I,
2237,WWI Desk Lamp E120 Black,wwi desk lamp e120 black,0806048,Wide World Importers,8,806,dim_contoso_product,I,
2238,WWI Floor Lamp X115 White,wwi floor lamp x115 white,0806049,Wide World Importers,8,806,dim_contoso_product,I,
2239,WWI Floor Lamp M215 White,wwi floor lamp m215 white,0806050,Wide World Importers,8,806,dim_contoso_product,I,
2240,WWI Chandelier M815 White,wwi chandelier m815 white,0806051,Wide World Importers,8,806,dim_contoso_product,I,
2241,WWI Chandelier M615 White,wwi chandelier m615 white,0806052,Wide World Importers,8,806,dim_contoso_product,I,
2242,WWI Wall Lamp E215 White,wwi wall lamp e215 white,0806053,Wide World Importers,8,806,dim_contoso_product,I,
2243,WWI Wall Lamp E315 White,wwi wall lamp e315 white,0806054,Wide World Importers,8,806,dim_contoso_product,I,
2244,WWI Desk Lamp E130 White,wwi desk lamp e130 white,0806055,Wide World Importers,8,806,dim_contoso_product,I,
2245,WWI Desk Lamp E120 White,wwi desk lamp e120 white,0806056,Wide World Importers,8,806,dim_contoso_product,I,
2246,WWI Floor Lamp X115 Silver,wwi floor lamp x115 silver,0806057,Wide World Importers,8,806,dim_contoso_product,I,
2247,WWI Floor Lamp M215 Silver,wwi floor lamp m215 silver,0806058,Wide World Importers,8,806,dim_contoso_product,I,
2248,WWI Chandelier M815 Silver,wwi chandelier m815 silver,0806059,Wide World Importers,8,806,dim_contoso_product,I,
2249,WWI Chandelier M615 Silver,wwi chandelier m615 silver,0806060,Wide World Importers,8,806,dim_contoso_product,I,
2250,WWI Wall Lamp E215 Silver,wwi wall lamp e215 silver,0806061,Wide World Importers,8,806,dim_contoso_product,I,
2251,WWI Wall Lamp E315 Silver,wwi wall lamp e315 silver,0806062,Wide World Importers,8,806,dim_contoso_product,I,
2252,WWI Desk Lamp E130 Silver,wwi desk lamp e130 silver,0806063,Wide World Importers,8,806,dim_contoso_product,I,
2253,WWI Desk Lamp E120 Silver,wwi desk lamp e120 silver,0806064,Wide World Importers,8,806,dim_contoso_product,I,
2254,WWI Floor Lamp X115 Grey,wwi floor lamp x115 grey,0806065,Wide World Importers,8,806,dim_contoso_product,I,
2255,WWI Floor Lamp M215 Grey,wwi floor lamp m215 grey,0806066,Wide World Importers,8,806,dim_contoso_product,I,
2256,WWI Chandelier M815 Grey,wwi chandelier m815 grey,0806067,Wide World Importers,8,806,dim_contoso_product,I,
2257,WWI Chandelier M615 Grey,wwi chandelier m615 grey,0806068,Wide World Importers,8,806,dim_contoso_product,I,
2258,WWI Wall Lamp E215 Grey,wwi wall lamp e215 grey,0806069,Wide World Importers,8,806,dim_contoso_product,I,
2259,WWI Wall Lamp E315 Grey,wwi wall lamp e315 grey,0806070,Wide World Importers,8,806,dim_contoso_product,I,
2260,WWI Desk Lamp E130 Grey,wwi desk lamp e130 grey,0806071,Wide World Importers,8,806,dim_contoso_product,I,
2261,WWI Desk Lamp E120 Grey,wwi desk lamp e120 grey,0806072,Wide World Importers,8,806,dim_contoso_product,I,
2262,WWI Floor Lamp X115 Blue,wwi floor lamp x115 blue,0806073,Wide World Importers,8,806,dim_contoso_product,I,
2263,WWI Floor Lamp M215 Blue,wwi floor lamp m215 blue,0806074,Wide World Importers,8,806,dim_contoso_product,I,
2264,WWI Chandelier M815 Blue,wwi chandelier m815 blue,0806075,Wide World Importers,8,806,dim_contoso_product,I,
2265,WWI Chandelier M615 Blue,wwi chandelier m615 blue,0806076,Wide World Importers,8,806,dim_contoso_product,I,
2266,WWI Wall Lamp E215 Blue,wwi wall lamp e215 blue,0806077,Wide World Importers,8,806,dim_contoso_product,I,
2267,WWI Wall Lamp E315 Blue,wwi wall lamp e315 blue,0806078,Wide World Importers,8,806,dim_contoso_product,I,
2268,WWI Desk Lamp E130 Blue,wwi desk lamp e130 blue,0806079,Wide World Importers,8,806,dim_contoso_product,I,
2269,WWI Desk Lamp E120 Blue,wwi desk lamp e120 blue,0806080,Wide World Importers,8,806,dim_contoso_product,I,
2270,Proseware Floor Lamp X0115 Black,proseware floor lamp x0115 black,0806081,Proseware,8,806,dim_contoso_product,I,
2271,Proseware Floor Lamp M0215 Black,proseware floor lamp m0215 black,0806082,Proseware,8,806,dim_contoso_product,I,
2272,Proseware Chandelier M0815 Black,proseware chandelier m0815 black,0806083,Proseware,8,806,dim_contoso_product,I,
2273,Proseware Chandelier M0615 Black,proseware chandelier m0615 black,0806084,Proseware,8,806,dim_contoso_product,I,
2274,Proseware Wall Lamp E0215 Black,proseware wall lamp e0215 black,0806085,Proseware,8,806,dim_contoso_product,I,
2275,Proseware Wall Lamp E0315 Black,proseware wall lamp e0315 black,0806086,Proseware,8,806,dim_contoso_product,I,
2276,Proseware Desk Lamp E0130 Black,proseware desk lamp e0130 black,0806087,Proseware,8,806,dim_contoso_product,I,
2277,Proseware Desk Lamp E0120 Black,proseware desk lamp e0120 black,0806088,Proseware,8,806,dim_contoso_product,I,
2278,Proseware Floor Lamp X0115 White,proseware floor lamp x0115 white,0806089,Proseware,8,806,dim_contoso_product,I,
2279,Proseware Floor Lamp M0215 White,proseware floor lamp m0215 white,0806090,Proseware,8,806,dim_contoso_product,I,
2280,Proseware Chandelier M0815 White,proseware chandelier m0815 white,0806091,Proseware,8,806,dim_contoso_product,I,
2281,Proseware Chandelier M0615 White,proseware chandelier m0615 white,0806092,Proseware,8,806,dim_contoso_product,I,
2282,Proseware Wall Lamp E0215 White,proseware wall lamp e0215 white,0806093,Proseware,8,806,dim_contoso_product,I,
2283,Proseware Wall Lamp E0315 White,proseware wall lamp e0315 white,0806094,Proseware,8,806,dim_contoso_product,I,
2284,Proseware Desk Lamp E0130 White,proseware desk lamp e0130 white,0806095,Proseware,8,806,dim_contoso_product,I,
2285,Proseware Desk Lamp E0120 White,proseware desk lamp e0120 white,0806096,Proseware,8,806,dim_contoso_product,I,
2286,Proseware Floor Lamp X0115 Silver,proseware floor lamp x0115 silver,0806097,Proseware,8,806,dim_contoso_product,I,
2287,Proseware Floor Lamp M0215 Silver,proseware floor lamp m0215 silver,0806098,Proseware,8,806,dim_contoso_product,I,
2288,Proseware Chandelier M0815 Silver,proseware chandelier m0815 silver,0806099,Proseware,8,806,dim_contoso_product,I,
2289,Proseware Chandelier M0615 Silver,proseware chandelier m0615 silver,0806100,Proseware,8,806,dim_contoso_product,I,
2290,Proseware Wall Lamp E0215 Silver,proseware wall lamp e0215 silver,0806101,Proseware,8,806,dim_contoso_product,I,
2291,Proseware Wall Lamp E0315 Silver,proseware wall lamp e0315 silver,0806102,Proseware,8,806,dim_contoso_product,I,
2292,Proseware Desk Lamp E0130 Silver,proseware desk lamp e0130 silver,0806103,Proseware,8,806,dim_contoso_product,I,
2293,Proseware Desk Lamp E0120 Silver,proseware desk lamp e0120 silver,0806104,Proseware,8,806,dim_contoso_product,I,
2294,Proseware Floor Lamp X0115 Grey,proseware floor lamp x0115 grey,0806105,Proseware,8,806,dim_contoso_product,I,
2295,Proseware Floor Lamp M0215 Grey,proseware floor lamp m0215 grey,0806106,Proseware,8,806,dim_contoso_product,I,
2296,Proseware Chandelier M0815 Grey,proseware chandelier m0815 grey,0806107,Proseware,8,806,dim_contoso_product,I,
2297,Proseware Chandelier M0615 Grey,proseware chandelier m0615 grey,0806108,Proseware,8,806,dim_contoso_product,I,
2298,Proseware Wall Lamp E0215 Grey,proseware wall lamp e0215 grey,0806109,Proseware,8,806,dim_contoso_product,I,
2299,Proseware Wall Lamp E0315 Grey,proseware wall lamp e0315 grey,0806110,Proseware,8,806,dim_contoso_product,I,
2300,Proseware Desk Lamp E0130 Grey,proseware desk lamp e0130 grey,0806111,Proseware,8,806,dim_contoso_product,I,
2301,Proseware Desk Lamp E0120 Grey,proseware desk lamp e0120 grey,0806112,Proseware,8,806,dim_contoso_product,I,
2302,Proseware Floor Lamp X0115 Blue,proseware floor lamp x0115 blue,0806113,Proseware,8,806,dim_contoso_product,I,
2303,Proseware Floor Lamp M0215 Blue,proseware floor lamp m0215 blue,0806114,Proseware,8,806,dim_contoso_product,I,
2304,Proseware Chandelier M0815 Blue,proseware chandelier m0815 blue,0806115,Proseware,8,806,dim_contoso_product,I,
2305,Proseware Chandelier M0615 Blue,proseware chandelier m0615 blue,0806116,Proseware,8,806,dim_contoso_product,I,
2306,Proseware Wall Lamp E0215 Blue,proseware wall lamp e0215 blue,0806117,Proseware,8,806,dim_contoso_product,I,
2307,Proseware Wall Lamp E0315 Blue,proseware wall lamp e0315 blue,0806118,Proseware,8,806,dim_contoso_product,I,
2308,Proseware Desk Lamp E0130 Blue,proseware desk lamp e0130 blue,0806119,Proseware,8,806,dim_contoso_product,I,
2309,Proseware Desk Lamp E0120 Blue,proseware desk lamp e0120 blue,0806120,Proseware,8,806,dim_contoso_product,I,
2310,Litware Floor Lamp X1015 Black,litware floor lamp x1015 black,0806121,Litware,8,806,dim_contoso_product,I,
2311,Litware Floor Lamp M2015 Black,litware floor lamp m2015 black,0806122,Litware,8,806,dim_contoso_product,I,
2312,Litware Chandelier M8015 Black,litware chandelier m8015 black,0806123,Litware,8,806,dim_contoso_product,I,
2313,Litware Chandelier M6015 Black,litware chandelier m6015 black,0806124,Litware,8,806,dim_contoso_product,I,
2314,Litware Wall Lamp E2015 Black,litware wall lamp e2015 black,0806125,Litware,8,806,dim_contoso_product,I,
2315,Litware Wall Lamp E3015 Black,litware wall lamp e3015 black,0806126,Litware,8,806,dim_contoso_product,I,
2316,Litware Desk Lamp E1030 Black,litware desk lamp e1030 black,0806127,Litware,8,806,dim_contoso_product,I,
2317,Litware Desk Lamp E1020 Black,litware desk lamp e1020 black,0806128,Litware,8,806,dim_contoso_product,I,
2318,Litware Floor Lamp X1015 White,litware floor lamp x1015 white,0806129,Litware,8,806,dim_contoso_product,I,
2319,Litware Floor Lamp M2015 White,litware floor lamp m2015 white,0806130,Litware,8,806,dim_contoso_product,I,
2320,Litware Chandelier M8015 White,litware chandelier m8015 white,0806131,Litware,8,806,dim_contoso_product,I,
2321,Litware Chandelier M6015 White,litware chandelier m6015 white,0806132,Litware,8,806,dim_contoso_product,I,
2322,Litware Wall Lamp E2015 White,litware wall lamp e2015 white,0806133,Litware,8,806,dim_contoso_product,I,
2323,Litware Wall Lamp E3015 White,litware wall lamp e3015 white,0806134,Litware,8,806,dim_contoso_product,I,
2324,Litware Desk Lamp E1030 White,litware desk lamp e1030 white,0806135,Litware,8,806,dim_contoso_product,I,
2325,Litware Desk Lamp E1020 White,litware desk lamp e1020 white,0806136,Litware,8,806,dim_contoso_product,I,
2326,Litware Floor Lamp X1015 Silver,litware floor lamp x1015 silver,0806137,Litware,8,806,dim_contoso_product,I,
2327,Litware Floor Lamp M2015 Silver,litware floor lamp m2015 silver,0806138,Litware,8,806,dim_contoso_product,I,
2328,Litware Chandelier M8015 Silver,litware chandelier m8015 silver,0806139,Litware,8,806,dim_contoso_product,I,
2329,Litware Chandelier M6015 Silver,litware chandelier m6015 silver,0806140,Litware,8,806,dim_contoso_product,I,
2330,Litware Wall Lamp E2015 Silver,litware wall lamp e2015 silver,0806141,Litware,8,806,dim_contoso_product,I,
2331,Litware Wall Lamp E3015 Silver,litware wall lamp e3015 silver,0806142,Litware,8,806,dim_contoso_product,I,
2332,Litware Desk Lamp E1030 Silver,litware desk lamp e1030 silver,0806143,Litware,8,806,dim_contoso_product,I,
2333,Litware Desk Lamp E1020 Silver,litware desk lamp e1020 silver,0806144,Litware,8,806,dim_contoso_product,I,
2334,Litware Floor Lamp X1015 Grey,litware floor lamp x1015 grey,0806145,Litware,8,806,dim_contoso_product,I,
2335,Litware Floor Lamp M2015 Grey,litware floor lamp m2015 grey,0806146,Litware,8,806,dim_contoso_product,I,
2336,Litware Chandelier M8015 Grey,litware chandelier m8015 grey,0806147,Litware,8,806,dim_contoso_product,I,
2337,Litware Chandelier M6015 Grey,litware chandelier m6015 grey,0806148,Litware,8,806,dim_contoso_product,I,
2338,Litware Wall Lamp E2015 Grey,litware wall lamp e2015 grey,0806149,Litware,8,806,dim_contoso_product,I,
2339,Litware Wall Lamp E3015 Grey,litware wall lamp e3015 grey,0806150,Litware,8,806,dim_contoso_product,I,
2340,Litware Desk Lamp E1030 Grey,litware desk lamp e1030 grey,0806151,Litware,8,806,dim_contoso_product,I,
2341,Litware Desk Lamp E1020 Grey,litware desk lamp e1020 grey,0806152,Litware,8,806,dim_contoso_product,I,
2342,Litware Floor Lamp X1015 Blue,litware floor lamp x1015 blue,0806153,Litware,8,806,dim_contoso_product,I,
2343,Litware Floor Lamp M2015 Blue,litware floor lamp m2015 blue,0806154,Litware,8,806,dim_contoso_product,I,
2344,Litware Chandelier M8015 Blue,litware chandelier m8015 blue,0806155,Litware,8,806,dim_contoso_product,I,
2345,Litware Chandelier M6015 Blue,litware chandelier m6015 blue,0806156,Litware,8,806,dim_contoso_product,I,
2346,Litware Wall Lamp E2015 Blue,litware wall lamp e2015 blue,0806157,Litware,8,806,dim_contoso_product,I,
2347,Litware Wall Lamp E3015 Blue,litware wall lamp e3015 blue,0806158,Litware,8,806,dim_contoso_product,I,
2348,Contoso Air conditioner 25000BTU L1672 White,contoso air conditioner 25000btu l1672 white,0807001,Contoso,8,807,dim_contoso_product,I,
2349,Contoso Air conditioner 12000BTU M0640 White,contoso air conditioner 12000btu m0640 white,0807002,Contoso,8,807,dim_contoso_product,I,
2350,Contoso Air conditioner 10000BTU M0490 White,contoso air conditioner 10000btu m0490 white,0807003,Contoso,8,807,dim_contoso_product,I,
2351,Contoso Air conditioner 8000BTU M0320 White,contoso air conditioner 8000btu m0320 white,0807004,Contoso,8,807,dim_contoso_product,I,
2352,Contoso Air conditioner 7000BTU E0260 White,contoso air conditioner 7000btu e0260 white,0807005,Contoso,8,807,dim_contoso_product,I,
2353,Contoso Air conditioner 6000BTU E0180 White,contoso air conditioner 6000btu e0180 white,0807006,Contoso,8,807,dim_contoso_product,I,
2354,Contoso Air conditioner 5200BTU E0100 White,contoso air conditioner 5200btu e0100 white,0807007,Contoso,8,807,dim_contoso_product,I,
2355,Contoso Air conditioner 25000BTU L1672 Red,contoso air conditioner 25000btu l1672 red,0807008,Contoso,8,807,dim_contoso_product,I,
2356,Contoso Air conditioner 12000BTU M0640 Red,contoso air conditioner 12000btu m0640 red,0807009,Contoso,8,807,dim_contoso_product,I,
2357,Contoso Air conditioner 10000BTU M0490 Red,contoso air conditioner 10000btu m0490 red,0807010,Contoso,8,807,dim_contoso_product,I,
2358,Contoso Air conditioner 8000BTU M0320 Red,contoso air conditioner 8000btu m0320 red,0807011,Contoso,8,807,dim_contoso_product,I,
2359,Contoso Air conditioner 7000BTU E0260 Red,contoso air conditioner 7000btu e0260 red,0807012,Contoso,8,807,dim_contoso_product,I,
2360,Contoso Air conditioner 6000BTU E0180 Red,contoso air conditioner 6000btu e0180 red,0807013,Contoso,8,807,dim_contoso_product,I,
2361,Contoso Air conditioner 5200BTU E0100 Red,contoso air conditioner 5200btu e0100 red,0807014,Contoso,8,807,dim_contoso_product,I,
2362,Contoso Air conditioner 25000BTU L1672 Silver,contoso air conditioner 25000btu l1672 silver,0807015,Contoso,8,807,dim_contoso_product,I,
2363,Contoso Air conditioner 12000BTU M0640 Silver,contoso air conditioner 12000btu m0640 silver,0807016,Contoso,8,807,dim_contoso_product,I,
2364,Contoso Air conditioner 10000BTU M0490 Silver,contoso air conditioner 10000btu m0490 silver,0807017,Contoso,8,807,dim_contoso_product,I,
2365,Contoso Air conditioner 8000BTU M0320 Silver,contoso air conditioner 8000btu m0320 silver,0807018,Contoso,8,807,dim_contoso_product,I,
2366,Contoso Air conditioner 7000BTU E0260 Silver,contoso air conditioner 7000btu e0260 silver,0807019,Contoso,8,807,dim_contoso_product,I,
2367,Contoso Air conditioner 6000BTU E0180 Silver,contoso air conditioner 6000btu e0180 silver,0807020,Contoso,8,807,dim_contoso_product,I,
2368,Contoso Air conditioner 5200BTU E0100 Silver,contoso air conditioner 5200btu e0100 silver,0807021,Contoso,8,807,dim_contoso_product,I,
2369,Contoso Air conditioner 25000BTU L1672 Grey,contoso air conditioner 25000btu l1672 grey,0807022,Contoso,8,807,dim_contoso_product,I,
2370,Contoso Air conditioner 12000BTU M0640 Grey,contoso air conditioner 12000btu m0640 grey,0807023,Contoso,8,807,dim_contoso_product,I,
2371,Contoso Air conditioner 10000BTU M0490 Grey,contoso air conditioner 10000btu m0490 grey,0807024,Contoso,8,807,dim_contoso_product,I,
2372,Contoso Air conditioner 8000BTU M0320 Grey,contoso air conditioner 8000btu m0320 grey,0807025,Contoso,8,807,dim_contoso_product,I,
2373,Contoso Air conditioner 7000BTU E0260 Grey,contoso air conditioner 7000btu e0260 grey,0807026,Contoso,8,807,dim_contoso_product,I,
2374,Contoso Air conditioner 6000BTU E0180 Grey,contoso air conditioner 6000btu e0180 grey,0807027,Contoso,8,807,dim_contoso_product,I,
2375,Contoso Air conditioner 5200BTU E0100 Grey,contoso air conditioner 5200btu e0100 grey,0807028,Contoso,8,807,dim_contoso_product,I,
2376,Contoso Air conditioner 25000BTU L1672 Blue,contoso air conditioner 25000btu l1672 blue,0807029,Contoso,8,807,dim_contoso_product,I,
2377,Contoso Air conditioner 12000BTU M0640 Blue,contoso air conditioner 12000btu m0640 blue,0807030,Contoso,8,807,dim_contoso_product,I,
2378,Contoso Air conditioner 10000BTU M0490 Blue,contoso air conditioner 10000btu m0490 blue,0807031,Contoso,8,807,dim_contoso_product,I,
2379,Contoso Air conditioner 8000BTU M0320 Blue,contoso air conditioner 8000btu m0320 blue,0807032,Contoso,8,807,dim_contoso_product,I,
2380,Contoso Air conditioner 7000BTU E0260 Blue,contoso air conditioner 7000btu e0260 blue,0807033,Contoso,8,807,dim_contoso_product,I,
2381,Contoso Air conditioner 6000BTU E0180 Blue,contoso air conditioner 6000btu e0180 blue,0807034,Contoso,8,807,dim_contoso_product,I,
2382,Contoso Air conditioner 5200BTU E0100 Blue,contoso air conditioner 5200btu e0100 blue,0807035,Contoso,8,807,dim_contoso_product,I,
2383,Proseware Air conditioner 25000BTU L167 White,proseware air conditioner 25000btu l167 white,0807036,Proseware,8,807,dim_contoso_product,I,
2384,Proseware Air conditioner 12000BTU M640 White,proseware air conditioner 12000btu m640 white,0807037,Proseware,8,807,dim_contoso_product,I,
2385,Proseware Air conditioner 10000BTU M490 White,proseware air conditioner 10000btu m490 white,0807038,Proseware,8,807,dim_contoso_product,I,
2386,Proseware Air conditioner 8000BTU M320 White,proseware air conditioner 8000btu m320 white,0807039,Proseware,8,807,dim_contoso_product,I,
2387,Proseware Air conditioner 7000BTU E260 White,proseware air conditioner 7000btu e260 white,0807040,Proseware,8,807,dim_contoso_product,I,
2388,Proseware Air conditioner 6000BTU E180 White,proseware air conditioner 6000btu e180 white,0807041,Proseware,8,807,dim_contoso_product,I,
2389,Proseware Air conditioner 5200BTU E100 White,proseware air conditioner 5200btu e100 white,0807042,Proseware,8,807,dim_contoso_product,I,
2390,Proseware Air conditioner 25000BTU L167 Red,proseware air conditioner 25000btu l167 red,0807043,Proseware,8,807,dim_contoso_product,I,
2391,Proseware Air conditioner 12000BTU M640 Red,proseware air conditioner 12000btu m640 red,0807044,Proseware,8,807,dim_contoso_product,I,
2392,Proseware Air conditioner 10000BTU M490 Red,proseware air conditioner 10000btu m490 red,0807045,Proseware,8,807,dim_contoso_product,I,
2393,Proseware Air conditioner 8000BTU M320 Red,proseware air conditioner 8000btu m320 red,0807046,Proseware,8,807,dim_contoso_product,I,
2394,Proseware Air conditioner 7000BTU E260 Red,proseware air conditioner 7000btu e260 red,0807047,Proseware,8,807,dim_contoso_product,I,
2395,Proseware Air conditioner 6000BTU E180 Red,proseware air conditioner 6000btu e180 red,0807048,Proseware,8,807,dim_contoso_product,I,
2396,Proseware Air conditioner 5200BTU E100 Red,proseware air conditioner 5200btu e100 red,0807049,Proseware,8,807,dim_contoso_product,I,
2397,Proseware Air conditioner 25000BTU L167 Silver,proseware air conditioner 25000btu l167 silver,0807050,Proseware,8,807,dim_contoso_product,I,
2398,Proseware Air conditioner 12000BTU M640 Silver,proseware air conditioner 12000btu m640 silver,0807051,Proseware,8,807,dim_contoso_product,I,
2399,Proseware Air conditioner 10000BTU M490 Silver,proseware air conditioner 10000btu m490 silver,0807052,Proseware,8,807,dim_contoso_product,I,
2400,Proseware Air conditioner 8000BTU M320 Silver,proseware air conditioner 8000btu m320 silver,0807053,Proseware,8,807,dim_contoso_product,I,
2401,Proseware Air conditioner 7000BTU E260 Silver,proseware air conditioner 7000btu e260 silver,0807054,Proseware,8,807,dim_contoso_product,I,
2402,Proseware Air conditioner 6000BTU E180 Silver,proseware air conditioner 6000btu e180 silver,0807055,Proseware,8,807,dim_contoso_product,I,
2403,Proseware Air conditioner 5200BTU E100 Silver,proseware air conditioner 5200btu e100 silver,0807056,Proseware,8,807,dim_contoso_product,I,
2404,Proseware Air conditioner 25000BTU L167 Grey,proseware air conditioner 25000btu l167 grey,0807057,Proseware,8,807,dim_contoso_product,I,
2405,Proseware Air conditioner 12000BTU M640 Grey,proseware air conditioner 12000btu m640 grey,0807058,Proseware,8,807,dim_contoso_product,I,
2406,Proseware Air conditioner 10000BTU M490 Grey,proseware air conditioner 10000btu m490 grey,0807059,Proseware,8,807,dim_contoso_product,I,
2407,Proseware Air conditioner 8000BTU M320 Grey,proseware air conditioner 8000btu m320 grey,0807060,Proseware,8,807,dim_contoso_product,I,
2408,Proseware Air conditioner 7000BTU E260 Grey,proseware air conditioner 7000btu e260 grey,0807061,Proseware,8,807,dim_contoso_product,I,
2409,Proseware Air conditioner 6000BTU E180 Grey,proseware air conditioner 6000btu e180 grey,0807062,Proseware,8,807,dim_contoso_product,I,
2410,Litware 3-Speed Oscillating High-Performance Fan E201 Black,litware 3-speed oscillating high-performance fan e201 black,0808001,Litware,8,808,dim_contoso_product,I,
2411,Litware 3-Speed Oscillating High-Performance Fan E201 White,litware 3-speed oscillating high-performance fan e201 white,0808002,Litware,8,808,dim_contoso_product,I,
2412,Litware 3-Speed Oscillating High-Performance Fan E201 Silver,litware 3-speed oscillating high-performance fan e201 silver,0808003,Litware,8,808,dim_contoso_product,I,
2413,Litware 18'' Adjustable Oscillating Pedestal Fan E301 Black,litware 18'' adjustable oscillating pedestal fan e301 black,0808004,Litware,8,808,dim_contoso_product,I,
2414,Litware 18'' Adjustable Oscillating Pedestal Fan E301 White,litware 18'' adjustable oscillating pedestal fan e301 white,0808005,Litware,8,808,dim_contoso_product,I,
2415,Litware 18'' Adjustable Oscillating Pedestal Fan E301 Silver,litware 18'' adjustable oscillating pedestal fan e301 silver,0808006,Litware,8,808,dim_contoso_product,I,
2416,Litware 3-Speed Oscillating Blower Fan M115 White,litware 3-speed oscillating blower fan m115 white,0808007,Litware,8,808,dim_contoso_product,I,
2417,Litware 3-Speed Oscillating Blower Fan M115 Black,litware 3-speed oscillating blower fan m115 black,0808008,Litware,8,808,dim_contoso_product,I,
2418,Litware 3-Speed Oscillating Blower Fan M115 Silver,litware 3-speed oscillating blower fan m115 silver,0808009,Litware,8,808,dim_contoso_product,I,
2419,Litware 20'' Box Fan E401 Blue,litware 20'' box fan e401 blue,0808010,Litware,8,808,dim_contoso_product,I,
2420,Litware 20'' Box Fan E401 Black,litware 20'' box fan e401 black,0808011,Litware,8,808,dim_contoso_product,I,
2421,Litware 20'' Box Fan E401 White,litware 20'' box fan e401 white,0808012,Litware,8,808,dim_contoso_product,I,
2422,Litware 20'' Box Fan E401 Yellow,litware 20'' box fan e401 yellow,0808013,Litware,8,808,dim_contoso_product,I,
2423,Litware Tower Fan E501 Black,litware tower fan e501 black,0808014,Litware,8,808,dim_contoso_product,I,
2424,Litware Tower Fan E501 White,litware tower fan e501 white,0808015,Litware,8,808,dim_contoso_product,I,
2425,Litware Tower Fan E501 Yellow,litware tower fan e501 yellow,0808016,Litware,8,808,dim_contoso_product,I,
2426,Litware Tower Fan E501 Silver,litware tower fan e501 silver,0808017,Litware,8,808,dim_contoso_product,I,
2427,Litware Mobile Fan External USB Cooling Fan E601 Silver,litware mobile fan external usb cooling fan e601 silver,0808018,Litware,8,808,dim_contoso_product,I,
2428,Litware Mobile Fan External USB Cooling Fan E601 White,litware mobile fan external usb cooling fan e601 white,0808019,Litware,8,808,dim_contoso_product,I,
2429,Litware Mobile Fan External USB Cooling Fan E601 Pink,litware mobile fan external usb cooling fan e601 pink,0808020,Litware,8,808,dim_contoso_product,I,
2430,Litware Mobile Fan External USB Cooling Fan E601 Black,litware mobile fan external usb cooling fan e601 black,0808021,Litware,8,808,dim_contoso_product,I,
2431,"Litware 16"" White Oscillating Stand Fan E701 White","litware 16"" white oscillating stand fan e701 white",0808022,Litware,8,808,dim_contoso_product,I,
2432,"Litware 16"" White Oscillating Stand Fan E701 Black","litware 16"" white oscillating stand fan e701 black",0808023,Litware,8,808,dim_contoso_product,I,
2433,"Litware 16"" White Oscillating Stand Fan E701 Silver","litware 16"" white oscillating stand fan e701 silver",0808024,Litware,8,808,dim_contoso_product,I,
2434,"Litware 16"" White Oscillating Stand Fan E701 Grey","litware 16"" white oscillating stand fan e701 grey",0808025,Litware,8,808,dim_contoso_product,I,
2435,"Litware 14"" High Velocity Floor Fan E801 Silver","litware 14"" high velocity floor fan e801 silver",0808026,Litware,8,808,dim_contoso_product,I,
2436,"Litware 14"" High Velocity Floor Fan E801 White","litware 14"" high velocity floor fan e801 white",0808027,Litware,8,808,dim_contoso_product,I,
2437,"Litware 14"" High Velocity Floor Fan E801 Black","litware 14"" high velocity floor fan e801 black",0808028,Litware,8,808,dim_contoso_product,I,
2438,"Litware 14"" High Velocity Floor Fan E801 Pink","litware 14"" high velocity floor fan e801 pink",0808029,Litware,8,808,dim_contoso_product,I,
2439,Litware 120mm Blue LED Case Fan E901 Black,litware 120mm blue led case fan e901 black,0808030,Litware,8,808,dim_contoso_product,I,
2440,Litware 120mm Blue LED Case Fan E901 White,litware 120mm blue led case fan e901 white,0808031,Litware,8,808,dim_contoso_product,I,
2441,Litware 120mm Blue LED Case Fan E901 blue,litware 120mm blue led case fan e901 blue,0808032,Litware,8,808,dim_contoso_product,I,
2442,Litware 120mm Blue LED Case Fan E901 Grey,litware 120mm blue led case fan e901 grey,0808033,Litware,8,808,dim_contoso_product,I,
2443,Litware 80mm Dual Ball Bearing Case Fan E1001 Black,litware 80mm dual ball bearing case fan e1001 black,0808034,Litware,8,808,dim_contoso_product,I,
2444,Litware 80mm Dual Ball Bearing Case Fan E1001 White,litware 80mm dual ball bearing case fan e1001 white,0808035,Litware,8,808,dim_contoso_product,I,
2445,Litware 80mm Dual Ball Bearing Case Fan E1001 Green,litware 80mm dual ball bearing case fan e1001 green,0808036,Litware,8,808,dim_contoso_product,I,
2446,Litware 80mm Dual Ball Bearing Case Fan E1001 Pink,litware 80mm dual ball bearing case fan e1001 pink,0808037,Litware,8,808,dim_contoso_product,I,
2447,Litware 92mm DBB Case Fan E1101 Silver,litware 92mm dbb case fan e1101 silver,0808038,Litware,8,808,dim_contoso_product,I,
2448,Litware 92mm DBB Case Fan E1101 Black,litware 92mm dbb case fan e1101 black,0808039,Litware,8,808,dim_contoso_product,I,
2449,Litware 92mm DBB Case Fan E1101 White,litware 92mm dbb case fan e1101 white,0808040,Litware,8,808,dim_contoso_product,I,
2450,Litware 92mm DBB Case Fan E1101 Grey,litware 92mm dbb case fan e1101 grey,0808041,Litware,8,808,dim_contoso_product,I,
2451,Litware Desktop Wind Tower Oscillating Fan E1201 Brown,litware desktop wind tower oscillating fan e1201 brown,0808042,Litware,8,808,dim_contoso_product,I,
2452,Litware Desktop Wind Tower Oscillating Fan E1201 Purple,litware desktop wind tower oscillating fan e1201 purple,0808043,Litware,8,808,dim_contoso_product,I,
2453,Litware Desktop Wind Tower Oscillating Fan E1201 Black,litware desktop wind tower oscillating fan e1201 black,0808044,Litware,8,808,dim_contoso_product,I,
2454,Litware Desktop Wind Tower Oscillating Fan E1201 White,litware desktop wind tower oscillating fan e1201 white,0808045,Litware,8,808,dim_contoso_product,I,
2455,Litware USB Foam Fan E1301 Pink,litware usb foam fan e1301 pink,0808046,Litware,8,808,dim_contoso_product,I,
2456,Litware USB Foam Fan E1301 White,litware usb foam fan e1301 white,0808047,Litware,8,808,dim_contoso_product,I,
2457,Litware USB Foam Fan E1301 Black,litware usb foam fan e1301 black,0808048,Litware,8,808,dim_contoso_product,I,
2458,Litware USB Foam Fan E1301 Red,litware usb foam fan e1301 red,0808049,Litware,8,808,dim_contoso_product,I,
2459,Litware 180 CFM Vertical Discharge Fan X450 Red,litware 180 cfm vertical discharge fan x450 red,0808050,Litware,8,808,dim_contoso_product,I,
2460,Litware 180 CFM Vertical Discharge Fan X450 Black,litware 180 cfm vertical discharge fan x450 black,0808051,Litware,8,808,dim_contoso_product,I,
2461,Litware 180 CFM Vertical Discharge Fan X450 White,litware 180 cfm vertical discharge fan x450 white,0808052,Litware,8,808,dim_contoso_product,I,
2462,Litware 180 CFM Vertical Discharge Fan X450 Blue,litware 180 cfm vertical discharge fan x450 blue,0808053,Litware,8,808,dim_contoso_product,I,
2463,Litware USB Durable Desk Soft Fan E1401 White,litware usb durable desk soft fan e1401 white,0808054,Litware,8,808,dim_contoso_product,I,
2464,Litware USB Durable Desk Soft Fan E1401 Black,litware usb durable desk soft fan e1401 black,0808055,Litware,8,808,dim_contoso_product,I,
2465,Litware USB Durable Desk Soft Fan E1401 Blue,litware usb durable desk soft fan e1401 blue,0808056,Litware,8,808,dim_contoso_product,I,
2466,Litware USB Durable Desk Soft Fan E1401 Red,litware usb durable desk soft fan e1401 red,0808057,Litware,8,808,dim_contoso_product,I,
2467,Litware 80mm LED Dual PCI Slot Fan E1501 Yellow,litware 80mm led dual pci slot fan e1501 yellow,0808058,Litware,8,808,dim_contoso_product,I,
2468,Litware 80mm LED Dual PCI Slot Fan E1501 Red,litware 80mm led dual pci slot fan e1501 red,0808059,Litware,8,808,dim_contoso_product,I,
2469,Litware 80mm LED Dual PCI Slot Fan E1501 Blue,litware 80mm led dual pci slot fan e1501 blue,0808060,Litware,8,808,dim_contoso_product,I,
2470,Litware 80mm LED Dual PCI Slot Fan E1501 Pink,litware 80mm led dual pci slot fan e1501 pink,0808061,Litware,8,808,dim_contoso_product,I,
2471,Litware 80mm LED Dual PCI Slot Fan E1501 White,litware 80mm led dual pci slot fan e1501 white,0808062,Litware,8,808,dim_contoso_product,I,
2472,Litware 20'' Weather-Shield Performance Box Fan E1601 Orange,litware 20'' weather-shield performance box fan e1601 orange,0808063,Litware,8,808,dim_contoso_product,I,
2473,Litware 20'' Weather-Shield Performance Box Fan E1601 Yellow,litware 20'' weather-shield performance box fan e1601 yellow,0808064,Litware,8,808,dim_contoso_product,I,
2474,Litware 20'' Weather-Shield Performance Box Fan E1601 White,litware 20'' weather-shield performance box fan e1601 white,0808065,Litware,8,808,dim_contoso_product,I,
2475,Litware 20'' Weather-Shield Performance Box Fan E1601 Black,litware 20'' weather-shield performance box fan e1601 black,0808066,Litware,8,808,dim_contoso_product,I,
2476,Litware 17'' Oscillating Pedestal Fan M125 Pink,litware 17'' oscillating pedestal fan m125 pink,0808067,Litware,8,808,dim_contoso_product,I,
2477,Litware 17'' Oscillating Pedestal Fan M125 Yellow,litware 17'' oscillating pedestal fan m125 yellow,0808068,Litware,8,808,dim_contoso_product,I,
2478,Litware 17'' Oscillating Pedestal Fan M125 Blue,litware 17'' oscillating pedestal fan m125 blue,0808069,Litware,8,808,dim_contoso_product,I,
2479,Litware 17'' Oscillating Pedestal Fan M125 White,litware 17'' oscillating pedestal fan m125 white,0808070,Litware,8,808,dim_contoso_product,I,
2480,Litware 18'' Oscillating Pedestal Fan M135 Pink,litware 18'' oscillating pedestal fan m135 pink,0808071,Litware,8,808,dim_contoso_product,I,
2481,Litware 18'' Oscillating Pedestal Fan M135 Yellow,litware 18'' oscillating pedestal fan m135 yellow,0808072,Litware,8,808,dim_contoso_product,I,
2482,Litware 18'' Oscillating Pedestal Fan M135 Blue,litware 18'' oscillating pedestal fan m135 blue,0808073,Litware,8,808,dim_contoso_product,I,
2483,Litware 18'' Oscillating Pedestal Fan M135 White,litware 18'' oscillating pedestal fan m135 white,0808074,Litware,8,808,dim_contoso_product,I,
2484,Litware 18'' Oscillating Pedestal Fan M145 Pink,litware 18'' oscillating pedestal fan m145 pink,0808075,Litware,8,808,dim_contoso_product,I,
2485,Litware 18'' Oscillating Pedestal Fan M145 Yellow,litware 18'' oscillating pedestal fan m145 yellow,0808076,Litware,8,808,dim_contoso_product,I,
2486,Litware 18'' Oscillating Pedestal Fan M145 Blue,litware 18'' oscillating pedestal fan m145 blue,0808077,Litware,8,808,dim_contoso_product,I,
2487,Litware 18'' Oscillating Pedestal Fan M145 White,litware 18'' oscillating pedestal fan m145 white,0808078,Litware,8,808,dim_contoso_product,I,
2488,Contoso Rubberized Skin BlackBerry E100 Black,contoso rubberized skin blackberry e100 black,0505001,Contoso,5,505,dim_contoso_product,I,
2489,Contoso Rubberized Skin BlackBerry E100 Silver,contoso rubberized skin blackberry e100 silver,0505002,Contoso,5,505,dim_contoso_product,I,
2490,Contoso Rubberized Skin BlackBerry E100 White,contoso rubberized skin blackberry e100 white,0505003,Contoso,5,505,dim_contoso_product,I,
2491,Cigarette Lighter Adapter for Contoso Phones E110 Black,cigarette lighter adapter for contoso phones e110 black,0505004,Contoso,5,505,dim_contoso_product,I,
2492,Cigarette Lighter Adapter for Contoso Phones E110 White,cigarette lighter adapter for contoso phones e110 white,0505005,Contoso,5,505,dim_contoso_product,I,
2493,Cigarette Lighter Adapter for Contoso Phones E110 Red,cigarette lighter adapter for contoso phones e110 red,0505006,Contoso,5,505,dim_contoso_product,I,
2494,Reusable Phone Screen Protector E120,reusable phone screen protector e120,0505007,Contoso,5,505,dim_contoso_product,I,
2495,Headphone Adapter for Contoso Phone E130 Black,headphone adapter for contoso phone e130 black,0505008,Contoso,5,505,dim_contoso_product,I,
2496,Headphone Adapter for Contoso Phone E130 Silver,headphone adapter for contoso phone e130 silver,0505009,Contoso,5,505,dim_contoso_product,I,
2497,Headphone Adapter for Contoso Phone E130 White,headphone adapter for contoso phone e130 white,0505010,Contoso,5,505,dim_contoso_product,I,
2498,Contoso Phone Tough Skin Case E140 Black,contoso phone tough skin case e140 black,0505011,Contoso,5,505,dim_contoso_product,I,
2499,Contoso Phone Tough Skin Case E140 White,contoso phone tough skin case e140 white,0505012,Contoso,5,505,dim_contoso_product,I,
2500,Contoso Phone Tough Skin Case E140 Silver,contoso phone tough skin case e140 silver,0505013,Contoso,5,505,dim_contoso_product,I,
2501,Contoso Phone Tough Skin Case E140 Pink,contoso phone tough skin case e140 pink,0505014,Contoso,5,505,dim_contoso_product,I,
2502,Contoso Touch Stylus Pen E150 Black,contoso touch stylus pen e150 black,0505015,Contoso,5,505,dim_contoso_product,I,
2503,Contoso Touch Stylus Pen E150 Silver,contoso touch stylus pen e150 silver,0505016,Contoso,5,505,dim_contoso_product,I,
2504,Contoso Touch Stylus Pen E150 White,contoso touch stylus pen e150 white,0505017,Contoso,5,505,dim_contoso_product,I,
2505,Contoso Touch Stylus Pen E150 Red,contoso touch stylus pen e150 red,0505018,Contoso,5,505,dim_contoso_product,I,
2506,Contoso Rubberized Snap-On Cover Hard Case Cell Phone Protector E160 Pink,contoso rubberized snap-on cover hard case cell phone protector e160 pink,0505019,Contoso,5,505,dim_contoso_product,I,
2507,Contoso Rubberized Snap-On Cover Hard Case Cell Phone Protector E160 White,contoso rubberized snap-on cover hard case cell phone protector e160 white,0505020,Contoso,5,505,dim_contoso_product,I,
2508,Contoso Rubberized Snap-On Cover Hard Case Cell Phone Protector E160 Silver,contoso rubberized snap-on cover hard case cell phone protector e160 silver,0505021,Contoso,5,505,dim_contoso_product,I,
2509,Contoso Original K1m Li-Ion Standard Battery E170 Black,contoso original k1m li-ion standard battery e170 black,0505022,Contoso,5,505,dim_contoso_product,I,
2510,Contoso Original K1m Li-Ion Standard Battery E170 White,contoso original k1m li-ion standard battery e170 white,0505023,Contoso,5,505,dim_contoso_product,I,
2511,Contoso Original K1m Li-Ion Standard Battery E170 Silver,contoso original k1m li-ion standard battery e170 silver,0505024,Contoso,5,505,dim_contoso_product,I,
2512,Contoso Bluetooth Active Headphones L15 Black,contoso bluetooth active headphones l15 black,0505025,Contoso,5,505,dim_contoso_product,I,
2513,Contoso Bluetooth Active Headphones L15 Red,contoso bluetooth active headphones l15 red,0505026,Contoso,5,505,dim_contoso_product,I,
2514,Contoso Bluetooth Active Headphones L15 White,contoso bluetooth active headphones l15 white,0505027,Contoso,5,505,dim_contoso_product,I,
2515,Contoso In-Line Coupler E180 White,contoso in-line coupler e180 white,0505028,Contoso,5,505,dim_contoso_product,I,
2516,Contoso In-Line Coupler E180 Black,contoso in-line coupler e180 black,0505029,Contoso,5,505,dim_contoso_product,I,
2517,Contoso In-Line Coupler E180 Silver,contoso in-line coupler e180 silver,0505030,Contoso,5,505,dim_contoso_product,I,
